StartDate,EndDate,Status,IPAddress,Progress,Duration (in seconds),Finished,RecordedDate,ResponseId,RecipientLastName,RecipientFirstName,RecipientEmail,ExternalReference,LocationLatitude,LocationLongitude,DistributionChannel,UserLanguage,English Proficiency,Age,Gender,Perceptual Ability,Audio check,A-High-Quant_1,A-High-Quant_2,A-High-Quant_3,A-High-Quant_4,A-High-Quant_5,A-High-Quant_6,A-High-Quant_7,A-High-Quant_8,A-High-Quant_9,A-High-Quant_10,A-High-Quant_11,A-High-Quant_12,A-High-Quant_13,A-High-Impression,A-Low-Quant_1,A-Low-Quant_2,A-Low-Quant_3,A-Low-Quant_4,A-Low-Quant_5,A-Low-Quant_6,A-Low-Quant_7,A-Low-Quant_8,A-Low-Quant_9,A-Low-Quant_10,A-Low-Quant_11,A-Low-Quant_12,A-Low-Quant_13,A-Low-Impression,A-Mid-Quant_1,A-Mid-Quant_2,A-Mid-Quant_3,A-Mid-Quant_4,A-Mid-Quant_5,A-Mid-Quant_6,A-Mid-Quant_7,A-Mid-Quant_8,A-Mid-Quant_9,A-Mid-Quant_10,A-Mid-Quant_11,A-Mid-Quant_12,A-Mid-Quant_13,A-Mid-Impression,A-Assertiveness-Rank_1,A-Assertiveness-Rank_2,A-Assertiveness-Rank_3,A-most-appropriate,A-best(1H2L3M),A-least-appropriate,A-worst(1H2L3M),A-difference(1H2L3M),A - Attention Check,B-High-Quant_1,B-High-Quant_2,B-High-Quant_3,B-High-Quant_4,B-High-Quant_5,B-High-Quant_6,B-High-Quant_7,B-High-Quant_8,B-High-Quant_9,B-High-Quant_10,B-High-Quant_11,B-High-Quant_12,B-High-Quant_13,B-High-Impression,B-Low-Quant_1,B-Low-Quant_2,B-Low-Quant_3,B-Low-Quant_4,B-Low-Quant_5,B-Low-Quant_6,B-Low-Quant_7,B-Low-Quant_8,B-Low-Quant_9,B-Low-Quant_10,B-Low-Quant_11,B-Low-Quant_12,B-Low-Quant_13,B-Low-Impression,B-Mid-Quant_1,B-Mid-Quant_2,B-Mid-Quant_3,B-Mid-Quant_4,B-Mid-Quant_5,B-Mid-Quant_6,B-Mid-Quant_7,B-Mid-Quant_8,B-Mid-Quant_9,B-Mid-Quant_10,B-Mid-Quant_11,B-Mid-Quant_12,B-Mid-Quant_13,B-Mid-Impression,B-Assertiveness-Rank_1,B-Assertiveness-Rank_2,B-Assertiveness-Rank_3,B-most-appropriate,B-best(1H2L3M),B-least-appropriate,B-worst(1H2L3M),B-difference(1H2L3M),B - Attention Check,C-High-Quant_1,C-High-Quant_2,C-High-Quant_3,C-High-Quant_4,C-High-Quant_5,C-High-Quant_6,C-High-Quant_7,C-High-Quant_8,C-High-Quant_9,C-High-Quant_10,C-High-Quant_11,C-High-Quant_12,C-High-Quant_13,C-High-Impression,C-Mid-Quant_1,C-Mid-Quant_2,C-Mid-Quant_3,C-Mid-Quant_4,C-Mid-Quant_5,C-Mid-Quant_6,C-Mid-Quant_7,C-Mid-Quant_8,C-Mid-Quant_9,C-Mid-Quant_10,C-Mid-Quant_11,C-Mid-Quant_12,C-Mid-Quant_13,C-Mid-Impression,C-Low-Quant_1,C-Low-Quant_2,C-Low-Quant_3,C-Low-Quant_4,C-Low-Quant_5,C-Low-Quant_6,C-Low-Quant_7,C-Low-Quant_8,C-Low-Quant_9,C-Low-Quant_10,C-Low-Quant_11,C-Low-Quant_12,C-Low-Quant_13,C-Low-Impression,C-rank-assertiveness_1,C-rank-assertiveness_2,C-rank-assertiveness_3,C-most-appropriate,C-best(1H2L3M),C-least-appropriate,C-worst(1H2L3M),C-difference(1H2L3M),C- Attention Check,D-Low-Quant_1,D-Low-Quant_2,D-Low-Quant_3,D-Low-Quant_4,D-Low-Quant_5,D-Low-Quant_6,D-Low-Quant_7,D-Low-Quant_8,D-Low-Quant_9,D-Low-Quant_10,D-Low-Quant_11,D-Low-Quant_12,D-Low-Quant_13,D-Low-Impression,D-Mid-Quant_1,D-Mid-Quant_2,D-Mid-Quant_3,D-Mid-Quant_4,D-Mid-Quant_5,D-Mid-Quant_6,D-Mid-Quant_7,D-Mid-Quant_8,D-Mid-Quant_9,D-Mid-Quant_10,D-Mid-Quant_11,D-Mid-Quant_12,D-Mid-Quant_13,D-Mid-Impression,D-High-Quant_1,D-High-Quant_2,D-High-Quant_3,D-High-Quant_4,D-High-Quant_5,D-High-Quant_6,D-High-Quant_7,D-High-Quant_8,D-High-Quant_9,D-High-Quant_10,D-High-Quant_11,D-High-Quant_12,D-High-Quant_13,D-High-Impression,D-rank-assertiveness_1,D-rank-assertiveness_2,D-rank-assertiveness_3,D-most-appropriate,D-best(1H2L3M),D-least-appropriate,D-worst(1H2L3M),D-difference,D - Attention Check,E-High-Quant_1,E-High-Quant_2,E-High-Quant_3,E-High-Quant_4,E-High-Quant_5,E-High-Quant_6,E-High-Quant_7,E-High-Quant_8,E-High-Quant_9,E-High-Quant_10,E-High-Quant_11,E-High-Quant_12,E-High-Quant_13,E-High-Impression,E-Low-Quant_1,E-Low-Quant_2,E-Low-Quant_3,E-Low-Quant_4,E-Low-Quant_5,E-Low-Quant_6,E-Low-Quant_7,E-Low-Quant_8,E-Low-Quant_9,E-Low-Quant_10,E-Low-Quant_11,E-Low-Quant_12,E-Low-Quant_13,E-Low-Impression,E-Mid-Quant_1,E-Mid-Quant_2,E-Mid-Quant_3,E-Mid-Quant_4,E-Mid-Quant_5,E-Mid-Quant_6,E-Mid-Quant_7,E-Mid-Quant_8,E-Mid-Quant_9,E-Mid-Quant_10,E-Mid-Quant_11,E-Mid-Quant_12,E-Mid-Quant_13,E-Mid-Impression,E-rank-assertiveness_1,E-rank-assertiveness_2,E-rank-assertiveness_3,E-most-appropriate,E-best(1H2L3M),E-least-appropriate,E-worst(1H2L3M),E-difference,E - Attention Check,F-High-Quant_1,F-High-Quant_2,F-High-Quant_3,F-High-Quant_4,F-High-Quant_5,F-High-Quant_6,F-High-Quant_7,F-High-Quant_8,F-High-Quant_9,F-High-Quant_10,F-High-Quant_11,F-High-Quant_12,F-High-Quant_13,F-High-Impression,F-Low-Quant_1,F-Low-Quant_2,F-Low-Quant_3,F-Low-Quant_4,F-Low-Quant_5,F-Low-Quant_6,F-Low-Quant_7,F-Low-Quant_8,F-Low-Quant_9,F-Low-Quant_10,F-Low-Quant_11,F-Low-Quant_12,F-Low-Quant_13,F-Low-Impression,F-Mid-Quant_1,F-Mid-Quant_2,F-Mid-Quant_3,F-Mid-Quant_4,F-Mid-Quant_5,F-Mid-Quant_6,F-Mid-Quant_7,F-Mid-Quant_8,F-Mid-Quant_9,F-Mid-Quant_10,F-Mid-Quant_11,F-Mid-Quant_12,F-Mid-Quant_13,F-Mid-Impression,F-rank-assertiveness_1,F-rank-assertiveness_2,F-rank-assertiveness_3,F-most-appropriate,F-best(1H2L3M),F-least-appropriate,F-worst(1H2L3M),F-difference,F - Attention Check,G-Mid-Quant_1,G-Mid-Quant_2,G-Mid-Quant_3,G-Mid-Quant_4,G-Mid-Quant_5,G-Mid-Quant_6,G-Mid-Quant_7,G-Mid-Quant_8,G-Mid-Quant_9,G-Mid-Quant_10,G-Mid-Quant_11,G-Mid-Quant_12,G-Mid-Quant_13,G-Mid-Impression,G-Low-Quant_1,G-Low-Quant_2,G-Low-Quant_3,G-Low-Quant_4,G-Low-Quant_5,G-Low-Quant_6,G-Low-Quant_7,G-Low-Quant_8,G-Low-Quant_9,G-Low-Quant_10,G-Low-Quant_11,G-Low-Quant_12,G-Low-Quant_13,G-Low-Impression,G-High-Quant_1,G-High-Quant_2,G-High-Quant_3,G-High-Quant_4,G-High-Quant_5,G-High-Quant_6,G-High-Quant_7,G-High-Quant_8,G-High-Quant_9,G-High-Quant_10,G-High-Quant_11,G-High-Quant_12,G-High-Quant_13,G-High-Impression,G-rank-assertiveness_1,G-rank-assertiveness_2,G-rank-assertiveness_3,G-most-appropriate,G-best(1H2L3M),G-least-appropriate,G-worst(1H2L3M),G-difference,G - Attention Check,Open feedback,id,Q_StraightliningCount,Q_StraightliningPercentage,Q_StraightliningQuestions,Q_UnansweredPercentage,Q_UnansweredQuestions
Start Date,End Date,Response Type,IP Address,Progress,Duration (in seconds),Finished,Recorded Date,Response ID,Recipient Last Name,Recipient First Name,Recipient Email,External Data Reference,Location Latitude,Location Longitude,Distribution Channel,User Language,Please desicrbe your English proficiency,Age,Gender,Which of the following best describes your perceptual ability?,Please listen to the audio below and enter the numbers exactly as you hear them.,A-High-Quant - The robot sounded assertive.,A-High-Quant - I clearly understood what the robot wanted me to do.,A-High-Quant - I like the way the robot communicated in this clip.,A-High-Quant - I would trust the robot’s guidance in this situation.,"A-High-Quant - In this situation, I would follow the robot’s instructions.",A-High-Quant - The robot sounded polite.,A-High-Quant - The robot’s communication style was appropriate for this situation.,A-High-Quant - I felt confident about what action to take next.,A-High-Quant - The robot seemed competent.,A-High-Quant - This instruction would make me feel safer.,A-High-Quant - The robot sounded controlling or pushy.,A-High-Quant - Understanding this instruction required mental effort.,A-High-Quant - The robot sounded confident.,Please briefly describe your impression about this audio clip.,A-Low-Quant - The robot sounded assertive.,A-Low-Quant - I clearly understood what the robot wanted me to do.,A-Low-Quant - I like the way the robot communicated in this clip.,A-Low-Quant - I would trust the robot’s guidance in this situation.,"A-Low-Quant - In this situation, I would follow the robot’s instructions.",A-Low-Quant - The robot sounded polite.,A-Low-Quant - The robot’s communication style was appropriate for this situation.,A-Low-Quant - I felt confident about what action to take next.,A-Low-Quant - The robot seemed competent.,A-Low-Quant - This instruction would make me feel safer.,A-Low-Quant - The robot sounded controlling or pushy.,A-Low-Quant - Understanding this instruction required mental effort.,A-Low-Quant - The robot sounded confident.,Please briefly describe your impression about this audio clip.,A-Mid-Quant - The robot sounded assertive.,A-Mid-Quant - I clearly understood what the robot wanted me to do.,A-Mid-Quant - I like the way the robot communicated in this clip.,A-Mid-Quant - I would trust the robot’s guidance in this situation.,"A-Mid-Quant - In this situation, I would follow the robot’s instructions.",A-Mid-Quant - The robot sounded polite.,A-Mid-Quant - The robot’s communication style was appropriate for this situation.,A-Mid-Quant - I felt confident about what action to take next.,A-Mid-Quant - The robot seemed competent.,A-Mid-Quant - This instruction would make me feel safer.,A-Mid-Quant - The robot sounded controlling or pushy.,A-Mid-Quant - Understanding this instruction required mental effort.,A-Mid-Quant - The robot sounded confident.,Please briefly describe your impression about this audio clip.,Please rank the assertiveness for the three audios. 3 is the most assertive. 1 is the least assertive. - A-High,Please rank the assertiveness for the three audios. 3 is the most assertive. 1 is the least assertive. - A-Low,Please rank the assertiveness for the three audios. 3 is the most assertive. 1 is the least assertive. - A-Mid,Which communication style felt most appropriate for this scenario?,Please explain why you chose this option.,Which communication style felt least appropriate for this scenario?,Please explain why you chose this option.,"Please describe the differences between the three communication styles.

For example, you might describe them in terms of tone, clarity, politeness, or how comfortable they felt. Please explain in your own words.",Where is the capital of France?,B-High-Quant - The robot sounded assertive.,B-High-Quant - I clearly understood what the robot wanted me to do.,B-High-Quant - I like the way the robot communicated in this clip.,B-High-Quant - I would trust the robot’s guidance in this situation.,"B-High-Quant - In this situation, I would follow the robot’s instructions.",B-High-Quant - The robot sounded polite.,B-High-Quant - The robot’s communication style was appropriate for this situation.,B-High-Quant - I felt confident about what action to take next.,B-High-Quant - The robot seemed competent.,B-High-Quant - This instruction would make me feel safer.,B-High-Quant - The robot sounded controlling or pushy.,B-High-Quant - Understanding this instruction required mental effort.,B-High-Quant - The robot sounded confident.,Please briefly describe your impression about this audio clip.,B-Low-Quant - The robot sounded assertive.,B-Low-Quant - I clearly understood what the robot wanted me to do.,B-Low-Quant - I like the way the robot communicated in this clip.,B-Low-Quant - I would trust the robot’s guidance in this situation.,"B-Low-Quant - In this situation, I would follow the robot’s instructions.",B-Low-Quant - The robot sounded polite.,B-Low-Quant - The robot’s communication style was appropriate for this situation.,B-Low-Quant - I felt confident about what action to take next.,B-Low-Quant - The robot seemed competent.,B-Low-Quant - This instruction would make me feel safer.,B-Low-Quant - The robot sounded controlling or pushy.,B-Low-Quant - Understanding this instruction required mental effort.,B-Low-Quant - The robot sounded confident.,Please briefly describe your impression about this audio clip.,B-Mid-Quant - The robot sounded assertive.,B-Mid-Quant - I clearly understood what the robot wanted me to do.,B-Mid-Quant - I like the way the robot communicated in this clip.,B-Mid-Quant - I would trust the robot’s guidance in this situation.,"B-Mid-Quant - In this situation, I would follow the robot’s instructions.",B-Mid-Quant - The robot sounded polite.,B-Mid-Quant - The robot’s communication style was appropriate for this situation.,B-Mid-Quant - I felt confident about what action to take next.,B-Mid-Quant - The robot seemed competent.,B-Mid-Quant - This instruction would make me feel safer.,B-Mid-Quant - The robot sounded controlling or pushy.,B-Mid-Quant - Understanding this instruction required mental effort.,B-Mid-Quant - The robot sounded confident.,Please briefly describe your impression about this audio clip.,Please rank the assertiveness for the three audios. 3 is the most assertive. 1 is the least assertive. - B-High,Please rank the assertiveness for the three audios. 3 is the most assertive. 1 is the least assertive. - B-Low,Please rank the assertiveness for the three audios. 3 is the most assertive. 1 is the least assertive. - B-Mid,Which communication style felt most appropriate for this scenario?,Please explain why you chose this option.,Which communication style felt least appropriate for this scenario?,Please explain why you chose this option.,"Please describe the differences between the three communication styles.

For example, you might describe them in terms of tone, clarity, politeness, or how comfortable they felt. Please explain in your own words.",Which of the following is a fruit?,C-High-Quant - The robot sounded assertive.,C-High-Quant - I clearly understood what the robot wanted me to do.,C-High-Quant - I like the way the robot communicated in this clip.,C-High-Quant - I would trust the robot’s guidance in this situation.,"C-High-Quant - In this situation, I would follow the robot’s instructions.",C-High-Quant - The robot sounded polite.,C-High-Quant - The robot’s communication style was appropriate for this situation.,C-High-Quant - I felt confident about what action to take next.,C-High-Quant - The robot seemed competent.,C-High-Quant - This instruction would make me feel safer.,C-High-Quant - The robot sounded controlling or pushy.,C-High-Quant - Understanding this instruction required mental effort.,C-High-Quant - The robot sounded confident.,Please briefly describe your impression about this audio clip.,C-Mid-Quant - The robot sounded assertive.,C-Mid-Quant - I clearly understood what the robot wanted me to do.,C-Mid-Quant - I like the way the robot communicated in this clip.,C-Mid-Quant - I would trust the robot’s guidance in this situation.,"C-Mid-Quant - In this situation, I would follow the robot’s instructions.",C-Mid-Quant - The robot sounded polite.,C-Mid-Quant - The robot’s communication style was appropriate for this situation.,C-Mid-Quant - I felt confident about what action to take next.,C-Mid-Quant - The robot seemed competent.,C-Mid-Quant - This instruction would make me feel safer.,C-Mid-Quant - The robot sounded controlling or pushy.,C-Mid-Quant - Understanding this instruction required mental effort.,C-Mid-Quant - The robot sounded confident.,Please briefly describe your impression about this audio clip.,C-Low-Quant - The robot sounded assertive.,C-Low-Quant - I clearly understood what the robot wanted me to do.,C-Low-Quant - I like the way the robot communicated in this clip.,C-Low-Quant - I would trust the robot’s guidance in this situation.,"C-Low-Quant - In this situation, I would follow the robot’s instructions.",C-Low-Quant - The robot sounded polite.,C-Low-Quant - The robot’s communication style was appropriate for this situation.,C-Low-Quant - I felt confident about what action to take next.,C-Low-Quant - The robot seemed competent.,C-Low-Quant - This instruction would make me feel safer.,C-Low-Quant - The robot sounded controlling or pushy.,C-Low-Quant - Understanding this instruction required mental effort.,C-Low-Quant - The robot sounded confident.,Please briefly describe your impression about this audio clip.,"Please rank the assertiveness for the three audios. 3 is the most assertive, 1 is the least assertive. - C-High","Please rank the assertiveness for the three audios. 3 is the most assertive, 1 is the least assertive. - C-Mid","Please rank the assertiveness for the three audios. 3 is the most assertive, 1 is the least assertive. - C-Low",Which communication style felt most appropriate for this scenario?,Please explain why you chose this option.,Which communication style felt least appropriate for this scenario?,Please explain why you felt this way.,"Please describe the differences between the three communication styles.

For example, you might describe them in terms of tone, clarity, politeness, or how comfortable they felt. Please explain in your own words.",Which of the following is an animal?,D-Low-Quant - The robot sounded assertive.,D-Low-Quant - I clearly understood what the robot wanted me to do.,D-Low-Quant - I like the way the robot communicated in this clip.,D-Low-Quant - I would trust the robot’s guidance in this situation.,"D-Low-Quant - In this situation, I would follow the robot’s instructions.",D-Low-Quant - The robot sounded polite.,D-Low-Quant - The robot’s communication style was appropriate for this situation.,D-Low-Quant - I felt confident about what action to take next.,D-Low-Quant - The robot seemed competent.,D-Low-Quant - This instruction would make me feel safer.,D-Low-Quant - The robot sounded controlling or pushy.,D-Low-Quant - Understanding this instruction required mental effort.,D-Low-Quant - The robot sounded confident.,Please briefly describe your impression about this audio clip.,D-Mid-Quant - The robot sounded assertive.,D-Mid-Quant - I clearly understood what the robot wanted me to do.,D-Mid-Quant - I like the way the robot communicated in this clip.,D-Mid-Quant - I would trust the robot’s guidance in this situation.,"D-Mid-Quant - In this situation, I would follow the robot’s instructions.",D-Mid-Quant - The robot sounded polite.,D-Mid-Quant - The robot’s communication style was appropriate for this situation.,D-Mid-Quant - I felt confident about what action to take next.,D-Mid-Quant - The robot seemed competent.,D-Mid-Quant - This instruction would make me feel safer.,D-Mid-Quant - The robot sounded controlling or pushy.,D-Mid-Quant - Understanding this instruction required mental effort.,D-Mid-Quant - The robot sounded confident.,Please briefly describe your impression about this audio clip.,D-High-Quant - The robot sounded assertive.,D-High-Quant - I clearly understood what the robot wanted me to do.,D-High-Quant - I like the way the robot communicated in this clip.,D-High-Quant - I would trust the robot’s guidance in this situation.,"D-High-Quant - In this situation, I would follow the robot’s instructions.",D-High-Quant - The robot sounded polite.,D-High-Quant - The robot’s communication style was appropriate for this situation.,D-High-Quant - I felt confident about what action to take next.,D-High-Quant - The robot seemed competent.,D-High-Quant - This instruction would make me feel safer.,D-High-Quant - The robot sounded controlling or pushy.,D-High-Quant - Understanding this instruction required mental effort.,D-High-Quant - The robot sounded confident.,Please briefly describe your impression about this audio clip.,"Please rank the assertiveness for the three audios. 3 is the most assertive, 1 is the least assertive. - D-Mid","Please rank the assertiveness for the three audios. 3 is the most assertive, 1 is the least assertive. - D-Low","Please rank the assertiveness for the three audios. 3 is the most assertive, 1 is the least assertive. - D-High",Which communication style felt most appropriate for this scenario?,Please explain why you chose this option.,Which communication style felt least appropriate for this scenario?,Please explain why you felt this way.,"Please describe the differences between the three communication styles.

For example, you might describe them in terms of tone, clarity, politeness, or how comfortable they felt. Please explain in your own words.",Which of the following is a color?,E-High-Quant - The robot sounded assertive.,E-High-Quant - I clearly understood what the robot wanted me to do.,E-High-Quant - I like the way the robot communicated in this clip.,E-High-Quant - I would trust the robot’s guidance in this situation.,"E-High-Quant - In this situation, I would follow the robot’s instructions.",E-High-Quant - The robot sounded polite.,E-High-Quant - The robot’s communication style was appropriate for this situation.,E-High-Quant - I felt confident about what action to take next.,E-High-Quant - The robot seemed competent.,E-High-Quant - This instruction would make me feel safer.,E-High-Quant - The robot sounded controlling or pushy.,E-High-Quant - Understanding this instruction required mental effort.,E-High-Quant - The robot sounded confident.,Please briefly describe your impression about this audio clip.,E-Low-Quant - The robot sounded assertive.,E-Low-Quant - I clearly understood what the robot wanted me to do.,E-Low-Quant - I like the way the robot communicated in this clip.,E-Low-Quant - I would trust the robot’s guidance in this situation.,"E-Low-Quant - In this situation, I would follow the robot’s instructions.",E-Low-Quant - The robot sounded polite.,E-Low-Quant - The robot’s communication style was appropriate for this situation.,E-Low-Quant - I felt confident about what action to take next.,E-Low-Quant - The robot seemed competent.,E-Low-Quant - This instruction would make me feel safer.,E-Low-Quant - The robot sounded controlling or pushy.,E-Low-Quant - Understanding this instruction required mental effort.,E-Low-Quant - The robot sounded confident.,Please briefly describe your impression about this audio clip.,E-Mid-Quant - The robot sounded assertive.,E-Mid-Quant - I clearly understood what the robot wanted me to do.,E-Mid-Quant - I like the way the robot communicated in this clip.,E-Mid-Quant - I would trust the robot’s guidance in this situation.,"E-Mid-Quant - In this situation, I would follow the robot’s instructions.",E-Mid-Quant - The robot sounded polite.,E-Mid-Quant - The robot’s communication style was appropriate for this situation.,E-Mid-Quant - I felt confident about what action to take next.,E-Mid-Quant - The robot seemed competent.,E-Mid-Quant - This instruction would make me feel safer.,E-Mid-Quant - The robot sounded controlling or pushy.,E-Mid-Quant - Understanding this instruction required mental effort.,E-Mid-Quant - The robot sounded confident.,Please briefly describe your impression about this audio clip.,"Please rank the assertiveness for the three audios. 3 is the most assertive, 1 is the least assertive. - E-High","Please rank the assertiveness for the three audios. 3 is the most assertive, 1 is the least assertive. - E-Low","Please rank the assertiveness for the three audios. 3 is the most assertive, 1 is the least assertive. - E-Mid",Which communication style felt most appropriate for this scenario?,Please explain why you chose this option.,Which communication style felt least appropriate for this scenario?,Please explain why you felt this way.,"Please describe the differences between the three communication styles.

For example, you might describe them in terms of tone, clarity, politeness, or how comfortable they felt. Please explain in your own words.",Which of the following is a plant?,F-High-Quant - The robot sounded assertive.,F-High-Quant - I clearly understood what the robot wanted me to do.,F-High-Quant - I like the way the robot communicated in this clip.,F-High-Quant - I would trust the robot’s guidance in this situation.,"F-High-Quant - In this situation, I would follow the robot’s instructions.",F-High-Quant - The robot sounded polite.,F-High-Quant - The robot’s communication style was appropriate for this situation.,F-High-Quant - I felt confident about what action to take next.,F-High-Quant - The robot seemed competent.,F-High-Quant - This instruction would make me feel safer.,F-High-Quant - The robot sounded controlling or pushy.,F-High-Quant - Understanding this instruction required mental effort.,F-High-Quant - The robot sounded confident.,Please briefly describe your impression about this audio clip.,F-Low-Quant - The robot sounded assertive.,F-Low-Quant - I clearly understood what the robot wanted me to do.,F-Low-Quant - I like the way the robot communicated in this clip.,F-Low-Quant - I would trust the robot’s guidance in this situation.,"F-Low-Quant - In this situation, I would follow the robot’s instructions.",F-Low-Quant - The robot sounded polite.,F-Low-Quant - The robot’s communication style was appropriate for this situation.,F-Low-Quant - I felt confident about what action to take next.,F-Low-Quant - The robot seemed competent.,F-Low-Quant - This instruction would make me feel safer.,F-Low-Quant - The robot sounded controlling or pushy.,F-Low-Quant - Understanding this instruction required mental effort.,F-Low-Quant - The robot sounded confident.,Please briefly describe your impression about this audio clip.,F-Mid-Quant - The robot sounded assertive.,F-Mid-Quant - I clearly understood what the robot wanted me to do.,F-Mid-Quant - I like the way the robot communicated in this clip.,F-Mid-Quant - I would trust the robot’s guidance in this situation.,"F-Mid-Quant - In this situation, I would follow the robot’s instructions.",F-Mid-Quant - The robot sounded polite.,F-Mid-Quant - The robot’s communication style was appropriate for this situation.,F-Mid-Quant - I felt confident about what action to take next.,F-Mid-Quant - The robot seemed competent.,F-Mid-Quant - This instruction would make me feel safer.,F-Mid-Quant - The robot sounded controlling or pushy.,F-Mid-Quant - Understanding this instruction required mental effort.,F-Mid-Quant - The robot sounded confident.,Please briefly describe your impression about this audio clip.,"Please rank the assertiveness for the three audios. 3 is the most assertive, 1 is the least assertive. - F-High","Please rank the assertiveness for the three audios. 3 is the most assertive, 1 is the least assertive. - F-Low","Please rank the assertiveness for the three audios. 3 is the most assertive, 1 is the least assertive. - F-Mid",Which communication style felt most appropriate for this scenario?,Please explain why you chose this option.,Which communication style felt least appropriate for this scenario?,Please explain why you felt this way.,"Please describe the differences between the three communication styles.

For example, you might describe them in terms of tone, clarity, politeness, or how comfortable they felt. Please explain in your own words.",How many months are there in a year?,G-Mid-Quant - The robot sounded assertive.,G-Mid-Quant - I clearly understood what the robot wanted me to do.,G-Mid-Quant - I like the way the robot communicated in this clip.,G-Mid-Quant - I would trust the robot’s guidance in this situation.,"G-Mid-Quant - In this situation, I would follow the robot’s instructions.",G-Mid-Quant - The robot sounded polite.,G-Mid-Quant - The robot’s communication style was appropriate for this situation.,G-Mid-Quant - I felt confident about what action to take next.,G-Mid-Quant - The robot seemed competent.,G-Mid-Quant - This instruction would make me feel safer.,G-Mid-Quant - The robot sounded controlling or pushy.,G-Mid-Quant - Understanding this instruction required mental effort.,G-Mid-Quant - The robot sounded confident.,Please briefly describe your impression about this audio clip.,G-Low-Quant - The robot sounded assertive.,G-Low-Quant - I clearly understood what the robot wanted me to do.,G-Low-Quant - I like the way the robot communicated in this clip.,G-Low-Quant - I would trust the robot’s guidance in this situation.,"G-Low-Quant - In this situation, I would follow the robot’s instructions.",G-Low-Quant - The robot sounded polite.,G-Low-Quant - The robot’s communication style was appropriate for this situation.,G-Low-Quant - I felt confident about what action to take next.,G-Low-Quant - The robot seemed competent.,G-Low-Quant - This instruction would make me feel safer.,G-Low-Quant - The robot sounded controlling or pushy.,G-Low-Quant - Understanding this instruction required mental effort.,G-Low-Quant - The robot sounded confident.,Please briefly describe your impression about this audio clip.,G-High-Quant - The robot sounded assertive.,G-High-Quant - I clearly understood what the robot wanted me to do.,G-High-Quant - I like the way the robot communicated in this clip.,G-High-Quant - I would trust the robot’s guidance in this situation.,"G-High-Quant - In this situation, I would follow the robot’s instructions.",G-High-Quant - The robot sounded polite.,G-High-Quant - The robot’s communication style was appropriate for this situation.,G-High-Quant - I felt confident about what action to take next.,G-High-Quant - The robot seemed competent.,G-High-Quant - This instruction would make me feel safer.,G-High-Quant - The robot sounded controlling or pushy.,G-High-Quant - Understanding this instruction required mental effort.,G-High-Quant - The robot sounded confident.,Please briefly describe your impression about this audio clip.,"Please rank the assertiveness for the three audios. 3 is the most assertive, 1 is the least assertive. - G-High","Please rank the assertiveness for the three audios. 3 is the most assertive, 1 is the least assertive. - G-Low","Please rank the assertiveness for the three audios. 3 is the most assertive, 1 is the least assertive. - G-Mid",Which communication style felt most appropriate for this scenario?,Please explain why you chose this option.,Which communication style felt least appropriate for this scenario?,Please explain why you felt this way.,"Please describe the differences between the three communication styles.

For example, you might describe them in terms of tone, clarity, politeness, or how comfortable they felt. Please explain in your own words.",How many seasons are there in a year?,"If you experienced any accessibility or technical issues during this survey, or have additional feedback, please let us know.",id,Q_StraightliningCount,Q_StraightliningPercentage,Q_StraightliningQuestions,Q_UnansweredPercentage,Q_UnansweredQuestions
"{""ImportId"":""startDate"",""timeZone"":""America/Denver""}","{""ImportId"":""endDate"",""timeZone"":""America/Denver""}","{""ImportId"":""status""}","{""ImportId"":""ipAddress""}","{""ImportId"":""progress""}","{""ImportId"":""duration""}","{""ImportId"":""finished""}","{""ImportId"":""recordedDate"",""timeZone"":""America/Denver""}","{""ImportId"":""_recordId""}","{""ImportId"":""recipientLastName""}","{""ImportId"":""recipientFirstName""}","{""ImportId"":""recipientEmail""}","{""ImportId"":""externalDataReference""}","{""ImportId"":""locationLatitude""}","{""ImportId"":""locationLongitude""}","{""ImportId"":""distributionChannel""}","{""ImportId"":""userLanguage""}","{""ImportId"":""QID31""}","{""ImportId"":""QID32_TEXT""}","{""ImportId"":""QID33""}","{""ImportId"":""QID34""}","{""ImportId"":""QID115_TEXT""}","{""ImportId"":""QID39_1""}","{""ImportId"":""QID39_2""}","{""ImportId"":""QID39_3""}","{""ImportId"":""QID39_4""}","{""ImportId"":""QID39_5""}","{""ImportId"":""QID39_6""}","{""ImportId"":""QID39_7""}","{""ImportId"":""QID39_8""}","{""ImportId"":""QID39_9""}","{""ImportId"":""QID39_10""}","{""ImportId"":""QID39_11""}","{""ImportId"":""QID39_12""}","{""ImportId"":""QID39_13""}","{""ImportId"":""QID37_TEXT""}","{""ImportId"":""QID10_1""}","{""ImportId"":""QID10_2""}","{""ImportId"":""QID10_3""}","{""ImportId"":""QID10_4""}","{""ImportId"":""QID10_5""}","{""ImportId"":""QID10_6""}","{""ImportId"":""QID10_7""}","{""ImportId"":""QID10_8""}","{""ImportId"":""QID10_9""}","{""ImportId"":""QID10_10""}","{""ImportId"":""QID10_11""}","{""ImportId"":""QID10_12""}","{""ImportId"":""QID10_13""}","{""ImportId"":""QID45_TEXT""}","{""ImportId"":""QID13_1""}","{""ImportId"":""QID13_2""}","{""ImportId"":""QID13_3""}","{""ImportId"":""QID13_4""}","{""ImportId"":""QID13_5""}","{""ImportId"":""QID13_6""}","{""ImportId"":""QID13_7""}","{""ImportId"":""QID13_8""}","{""ImportId"":""QID13_9""}","{""ImportId"":""QID13_10""}","{""ImportId"":""QID13_11""}","{""ImportId"":""QID13_12""}","{""ImportId"":""QID13_13""}","{""ImportId"":""QID38_TEXT""}","{""ImportId"":""QID65_1""}","{""ImportId"":""QID65_2""}","{""ImportId"":""QID65_3""}","{""ImportId"":""QID163""}","{""ImportId"":""QID15_TEXT""}","{""ImportId"":""QID164""}","{""ImportId"":""QID112_TEXT""}","{""ImportId"":""QID17_TEXT""}","{""ImportId"":""QID177""}","{""ImportId"":""QID1323384125_1""}","{""ImportId"":""QID1323384125_2""}","{""ImportId"":""QID1323384125_3""}","{""ImportId"":""QID1323384125_4""}","{""ImportId"":""QID1323384125_5""}","{""ImportId"":""QID1323384125_6""}","{""ImportId"":""QID1323384125_7""}","{""ImportId"":""QID1323384125_8""}","{""ImportId"":""QID1323384125_9""}","{""ImportId"":""QID1323384125_10""}","{""ImportId"":""QID1323384125_11""}","{""ImportId"":""QID1323384125_12""}","{""ImportId"":""QID1323384125_13""}","{""ImportId"":""QID1323384126_TEXT""}","{""ImportId"":""QID1323384128_1""}","{""ImportId"":""QID1323384128_2""}","{""ImportId"":""QID1323384128_3""}","{""ImportId"":""QID1323384128_4""}","{""ImportId"":""QID1323384128_5""}","{""ImportId"":""QID1323384128_6""}","{""ImportId"":""QID1323384128_7""}","{""ImportId"":""QID1323384128_8""}","{""ImportId"":""QID1323384128_9""}","{""ImportId"":""QID1323384128_10""}","{""ImportId"":""QID1323384128_11""}","{""ImportId"":""QID1323384128_12""}","{""ImportId"":""QID1323384128_13""}","{""ImportId"":""QID1323384129_TEXT""}","{""ImportId"":""QID1323384131_1""}","{""ImportId"":""QID1323384131_2""}","{""ImportId"":""QID1323384131_3""}","{""ImportId"":""QID1323384131_4""}","{""ImportId"":""QID1323384131_5""}","{""ImportId"":""QID1323384131_6""}","{""ImportId"":""QID1323384131_7""}","{""ImportId"":""QID1323384131_8""}","{""ImportId"":""QID1323384131_9""}","{""ImportId"":""QID1323384131_10""}","{""ImportId"":""QID1323384131_11""}","{""ImportId"":""QID1323384131_12""}","{""ImportId"":""QID1323384131_13""}","{""ImportId"":""QID1323384132_TEXT""}","{""ImportId"":""QID81_1""}","{""ImportId"":""QID81_2""}","{""ImportId"":""QID81_3""}","{""ImportId"":""QID165""}","{""ImportId"":""QID1323384134_TEXT""}","{""ImportId"":""QID166""}","{""ImportId"":""QID113_TEXT""}","{""ImportId"":""QID1323384136_TEXT""}","{""ImportId"":""QID178""}","{""ImportId"":""QID1323384167_1""}","{""ImportId"":""QID1323384167_2""}","{""ImportId"":""QID1323384167_3""}","{""ImportId"":""QID1323384167_4""}","{""ImportId"":""QID1323384167_5""}","{""ImportId"":""QID1323384167_6""}","{""ImportId"":""QID1323384167_7""}","{""ImportId"":""QID1323384167_8""}","{""ImportId"":""QID1323384167_9""}","{""ImportId"":""QID1323384167_10""}","{""ImportId"":""QID1323384167_11""}","{""ImportId"":""QID1323384167_12""}","{""ImportId"":""QID1323384167_13""}","{""ImportId"":""QID1323384168_TEXT""}","{""ImportId"":""QID1323384170_1""}","{""ImportId"":""QID1323384170_2""}","{""ImportId"":""QID1323384170_3""}","{""ImportId"":""QID1323384170_4""}","{""ImportId"":""QID1323384170_5""}","{""ImportId"":""QID1323384170_6""}","{""ImportId"":""QID1323384170_7""}","{""ImportId"":""QID1323384170_8""}","{""ImportId"":""QID1323384170_9""}","{""ImportId"":""QID1323384170_10""}","{""ImportId"":""QID1323384170_11""}","{""ImportId"":""QID1323384170_12""}","{""ImportId"":""QID1323384170_13""}","{""ImportId"":""QID1323384171_TEXT""}","{""ImportId"":""QID1323384173_1""}","{""ImportId"":""QID1323384173_2""}","{""ImportId"":""QID1323384173_3""}","{""ImportId"":""QID1323384173_4""}","{""ImportId"":""QID1323384173_5""}","{""ImportId"":""QID1323384173_6""}","{""ImportId"":""QID1323384173_7""}","{""ImportId"":""QID1323384173_8""}","{""ImportId"":""QID1323384173_9""}","{""ImportId"":""QID1323384173_10""}","{""ImportId"":""QID1323384173_11""}","{""ImportId"":""QID1323384173_12""}","{""ImportId"":""QID1323384173_13""}","{""ImportId"":""QID1323384174_TEXT""}","{""ImportId"":""QID1323384175_1""}","{""ImportId"":""QID1323384175_2""}","{""ImportId"":""QID1323384175_3""}","{""ImportId"":""QID167""}","{""ImportId"":""QID1323384176_TEXT""}","{""ImportId"":""QID168""}","{""ImportId"":""QID1323384177_TEXT""}","{""ImportId"":""QID1323384178_TEXT""}","{""ImportId"":""QID180""}","{""ImportId"":""QID1323384205_1""}","{""ImportId"":""QID1323384205_2""}","{""ImportId"":""QID1323384205_3""}","{""ImportId"":""QID1323384205_4""}","{""ImportId"":""QID1323384205_5""}","{""ImportId"":""QID1323384205_6""}","{""ImportId"":""QID1323384205_7""}","{""ImportId"":""QID1323384205_8""}","{""ImportId"":""QID1323384205_9""}","{""ImportId"":""QID1323384205_10""}","{""ImportId"":""QID1323384205_11""}","{""ImportId"":""QID1323384205_12""}","{""ImportId"":""QID1323384205_13""}","{""ImportId"":""QID1323384206_TEXT""}","{""ImportId"":""QID1323384208_1""}","{""ImportId"":""QID1323384208_2""}","{""ImportId"":""QID1323384208_3""}","{""ImportId"":""QID1323384208_4""}","{""ImportId"":""QID1323384208_5""}","{""ImportId"":""QID1323384208_6""}","{""ImportId"":""QID1323384208_7""}","{""ImportId"":""QID1323384208_8""}","{""ImportId"":""QID1323384208_9""}","{""ImportId"":""QID1323384208_10""}","{""ImportId"":""QID1323384208_11""}","{""ImportId"":""QID1323384208_12""}","{""ImportId"":""QID1323384208_13""}","{""ImportId"":""QID1323384209_TEXT""}","{""ImportId"":""QID1323384211_1""}","{""ImportId"":""QID1323384211_2""}","{""ImportId"":""QID1323384211_3""}","{""ImportId"":""QID1323384211_4""}","{""ImportId"":""QID1323384211_5""}","{""ImportId"":""QID1323384211_6""}","{""ImportId"":""QID1323384211_7""}","{""ImportId"":""QID1323384211_8""}","{""ImportId"":""QID1323384211_9""}","{""ImportId"":""QID1323384211_10""}","{""ImportId"":""QID1323384211_11""}","{""ImportId"":""QID1323384211_12""}","{""ImportId"":""QID1323384211_13""}","{""ImportId"":""QID1323384212_TEXT""}","{""ImportId"":""QID1323384213_1""}","{""ImportId"":""QID1323384213_2""}","{""ImportId"":""QID1323384213_3""}","{""ImportId"":""QID169""}","{""ImportId"":""QID1323384214_TEXT""}","{""ImportId"":""QID170""}","{""ImportId"":""QID1323384215_TEXT""}","{""ImportId"":""QID1323384216_TEXT""}","{""ImportId"":""QID181""}","{""ImportId"":""QID1323391149_1""}","{""ImportId"":""QID1323391149_2""}","{""ImportId"":""QID1323391149_3""}","{""ImportId"":""QID1323391149_4""}","{""ImportId"":""QID1323391149_5""}","{""ImportId"":""QID1323391149_6""}","{""ImportId"":""QID1323391149_7""}","{""ImportId"":""QID1323391149_8""}","{""ImportId"":""QID1323391149_9""}","{""ImportId"":""QID1323391149_10""}","{""ImportId"":""QID1323391149_11""}","{""ImportId"":""QID1323391149_12""}","{""ImportId"":""QID1323391149_13""}","{""ImportId"":""QID1323391150_TEXT""}","{""ImportId"":""QID1323391152_1""}","{""ImportId"":""QID1323391152_2""}","{""ImportId"":""QID1323391152_3""}","{""ImportId"":""QID1323391152_4""}","{""ImportId"":""QID1323391152_5""}","{""ImportId"":""QID1323391152_6""}","{""ImportId"":""QID1323391152_7""}","{""ImportId"":""QID1323391152_8""}","{""ImportId"":""QID1323391152_9""}","{""ImportId"":""QID1323391152_10""}","{""ImportId"":""QID1323391152_11""}","{""ImportId"":""QID1323391152_12""}","{""ImportId"":""QID1323391152_13""}","{""ImportId"":""QID1323391153_TEXT""}","{""ImportId"":""QID1323391155_1""}","{""ImportId"":""QID1323391155_2""}","{""ImportId"":""QID1323391155_3""}","{""ImportId"":""QID1323391155_4""}","{""ImportId"":""QID1323391155_5""}","{""ImportId"":""QID1323391155_6""}","{""ImportId"":""QID1323391155_7""}","{""ImportId"":""QID1323391155_8""}","{""ImportId"":""QID1323391155_9""}","{""ImportId"":""QID1323391155_10""}","{""ImportId"":""QID1323391155_11""}","{""ImportId"":""QID1323391155_12""}","{""ImportId"":""QID1323391155_13""}","{""ImportId"":""QID1323391156_TEXT""}","{""ImportId"":""QID1323391157_1""}","{""ImportId"":""QID1323391157_2""}","{""ImportId"":""QID1323391157_3""}","{""ImportId"":""QID171""}","{""ImportId"":""QID1323391158_TEXT""}","{""ImportId"":""QID172""}","{""ImportId"":""QID1323391159_TEXT""}","{""ImportId"":""QID1323391160_TEXT""}","{""ImportId"":""QID182""}","{""ImportId"":""QID1323391164_1""}","{""ImportId"":""QID1323391164_2""}","{""ImportId"":""QID1323391164_3""}","{""ImportId"":""QID1323391164_4""}","{""ImportId"":""QID1323391164_5""}","{""ImportId"":""QID1323391164_6""}","{""ImportId"":""QID1323391164_7""}","{""ImportId"":""QID1323391164_8""}","{""ImportId"":""QID1323391164_9""}","{""ImportId"":""QID1323391164_10""}","{""ImportId"":""QID1323391164_11""}","{""ImportId"":""QID1323391164_12""}","{""ImportId"":""QID1323391164_13""}","{""ImportId"":""QID1323391165_TEXT""}","{""ImportId"":""QID1323391167_1""}","{""ImportId"":""QID1323391167_2""}","{""ImportId"":""QID1323391167_3""}","{""ImportId"":""QID1323391167_4""}","{""ImportId"":""QID1323391167_5""}","{""ImportId"":""QID1323391167_6""}","{""ImportId"":""QID1323391167_7""}","{""ImportId"":""QID1323391167_8""}","{""ImportId"":""QID1323391167_9""}","{""ImportId"":""QID1323391167_10""}","{""ImportId"":""QID1323391167_11""}","{""ImportId"":""QID1323391167_12""}","{""ImportId"":""QID1323391167_13""}","{""ImportId"":""QID1323391168_TEXT""}","{""ImportId"":""QID1323391170_1""}","{""ImportId"":""QID1323391170_2""}","{""ImportId"":""QID1323391170_3""}","{""ImportId"":""QID1323391170_4""}","{""ImportId"":""QID1323391170_5""}","{""ImportId"":""QID1323391170_6""}","{""ImportId"":""QID1323391170_7""}","{""ImportId"":""QID1323391170_8""}","{""ImportId"":""QID1323391170_9""}","{""ImportId"":""QID1323391170_10""}","{""ImportId"":""QID1323391170_11""}","{""ImportId"":""QID1323391170_12""}","{""ImportId"":""QID1323391170_13""}","{""ImportId"":""QID1323391171_TEXT""}","{""ImportId"":""QID1323391172_1""}","{""ImportId"":""QID1323391172_2""}","{""ImportId"":""QID1323391172_3""}","{""ImportId"":""QID173""}","{""ImportId"":""QID1323391173_TEXT""}","{""ImportId"":""QID174""}","{""ImportId"":""QID1323391174_TEXT""}","{""ImportId"":""QID1323391175_TEXT""}","{""ImportId"":""QID183""}","{""ImportId"":""QID1323391179_1""}","{""ImportId"":""QID1323391179_2""}","{""ImportId"":""QID1323391179_3""}","{""ImportId"":""QID1323391179_4""}","{""ImportId"":""QID1323391179_5""}","{""ImportId"":""QID1323391179_6""}","{""ImportId"":""QID1323391179_7""}","{""ImportId"":""QID1323391179_8""}","{""ImportId"":""QID1323391179_9""}","{""ImportId"":""QID1323391179_10""}","{""ImportId"":""QID1323391179_11""}","{""ImportId"":""QID1323391179_12""}","{""ImportId"":""QID1323391179_13""}","{""ImportId"":""QID1323391180_TEXT""}","{""ImportId"":""QID1323391182_1""}","{""ImportId"":""QID1323391182_2""}","{""ImportId"":""QID1323391182_3""}","{""ImportId"":""QID1323391182_4""}","{""ImportId"":""QID1323391182_5""}","{""ImportId"":""QID1323391182_6""}","{""ImportId"":""QID1323391182_7""}","{""ImportId"":""QID1323391182_8""}","{""ImportId"":""QID1323391182_9""}","{""ImportId"":""QID1323391182_10""}","{""ImportId"":""QID1323391182_11""}","{""ImportId"":""QID1323391182_12""}","{""ImportId"":""QID1323391182_13""}","{""ImportId"":""QID1323391183_TEXT""}","{""ImportId"":""QID1323391185_1""}","{""ImportId"":""QID1323391185_2""}","{""ImportId"":""QID1323391185_3""}","{""ImportId"":""QID1323391185_4""}","{""ImportId"":""QID1323391185_5""}","{""ImportId"":""QID1323391185_6""}","{""ImportId"":""QID1323391185_7""}","{""ImportId"":""QID1323391185_8""}","{""ImportId"":""QID1323391185_9""}","{""ImportId"":""QID1323391185_10""}","{""ImportId"":""QID1323391185_11""}","{""ImportId"":""QID1323391185_12""}","{""ImportId"":""QID1323391185_13""}","{""ImportId"":""QID1323391186_TEXT""}","{""ImportId"":""QID1323391187_1""}","{""ImportId"":""QID1323391187_2""}","{""ImportId"":""QID1323391187_3""}","{""ImportId"":""QID175""}","{""ImportId"":""QID1323391188_TEXT""}","{""ImportId"":""QID176""}","{""ImportId"":""QID1323391189_TEXT""}","{""ImportId"":""QID1323391190_TEXT""}","{""ImportId"":""QID184""}","{""ImportId"":""QID117_TEXT""}","{""ImportId"":""id""}","{""ImportId"":""Q_StraightliningCount""}","{""ImportId"":""Q_StraightliningPercentage""}","{""ImportId"":""Q_StraightliningQuestions""}","{""ImportId"":""Q_UnansweredPercentage""}","{""ImportId"":""Q_UnansweredQuestions""}"
2026-05-09 11:22:32,2026-05-09 11:29:29,IP Address,135.0.110.82,100,416,True,2026-05-09 11:29:30,R_6BxQAn3pkftPZKa,,,,,43.4437,-79.7564,anonymous,EN,,Test,Prefer not to say,Neither,"Test ",Strongly Disagree,Strongly Disagree,Strongly Disagree,Strongly Disagree,Strongly Disagree,Strongly Disagree,Strongly Disagree,Strongly Disagree,Strongly Disagree,Strongly Disagree,Strongly Disagree,Strongly Disagree,Strongly Disagree,Test,Strongly Disagree,Strongly Disagree,Strongly Disagree,Strongly Disagree,Strongly Disagree,Strongly Disagree,Strongly Disagree,Strongly Disagree,Strongly Disagree,Strongly Disagree,Strongly Disagree,Strongly Disagree,Strongly Disagree,Test,Strongly Disagree,Strongly Disagree,Strongly Disagree,Strongly Disagree,Strongly Disagree,Strongly Disagree,Strongly Disagree,Strongly Disagree,Strongly Disagree,Strongly Disagree,Strongly Disagree,Strongly Disagree,Strongly Disagree,Test,3,2,1,A-High,Test 1,A-Mid,Test 3,Test,,,,,,,,,,,,,,,,,,,,,,,,,,,,,,,,,,,,,,,,,,,,,,,,,,,,,,,,,,,,,,,,,,,,,,,,,,,,,,,,,,,,,,,,,,,,,,,,,,,,,,,,Strongly Disagree,Strongly Disagree,Strongly Disagree,Strongly Disagree,Strongly Disagree,Strongly Disagree,Strongly Disagree,Strongly Disagree,Strongly Disagree,Strongly Disagree,Strongly Disagree,Strongly Disagree,Strongly Disagree,Test,Strongly Disagree,Strongly Disagree,Strongly Disagree,Strongly Disagree,Strongly Disagree,Strongly Disagree,Strongly Disagree,Strongly Disagree,Strongly Disagree,Strongly Disagree,Strongly Disagree,Strongly Disagree,Strongly Disagree,Test,Strongly Disagree,Strongly Disagree,Strongly Disagree,Strongly Disagree,Strongly Disagree,Strongly Disagree,Strongly Disagree,Strongly Disagree,Strongly Disagree,Strongly Disagree,Strongly Disagree,Strongly Disagree,Strongly Disagree,Test,1,2,3,D-Low,Test unit D correction,D-High,Test 1 unit D,"Test unit D correction ",,,,,,,,,,,,,,,,,,,,,,,,,,,,,,,,,,,,,,,,,,,,,,,,,,,,,,,,,,,,,,,,,,,,,,,,,,,,,,,,,,,,,,,,,,,,,,,,,,,,,,,,,,,,,,,,,,,,,,,,,,,,,,,,,,,,,,,,,,,,,,,,,,,,,,,,,,,No,,6,1,"QID1323384208,QID13,QID10,QID1323384205,QID1323384211,QID39",0.03333333333333333,QID31
2026-05-09 11:31:47,2026-05-09 11:37:31,IP Address,135.0.110.82,100,344,True,2026-05-09 11:37:31,R_6FQCJOMIwei5aMa,,,,,43.4437,-79.7564,anonymous,EN,Native/Bilingual,t,Female,Neither,test,Strongly agree,Strongly agree,Strongly agree,Strongly agree,Strongly agree,Strongly agree,Strongly agree,Strongly agree,Strongly agree,Strongly agree,Strongly agree,Strongly agree,Strongly agree,,Strongly Disagree,Strongly Disagree,Strongly agree,Strongly agree,Strongly agree,Strongly Disagree,Strongly agree,Strongly agree,Strongly Disagree,Strongly Disagree,Strongly Disagree,Strongly Disagree,Strongly Disagree,,Neither agree nor disagree,Neither agree nor disagree,Neither agree nor disagree,Neither agree nor disagree,Neither agree nor disagree,Neither agree nor disagree,Neither agree nor disagree,Neither agree nor disagree,Neither agree nor disagree,Neither agree nor disagree,Neither agree nor disagree,Neither agree nor disagree,Neither agree nor disagree,test unit A,1,2,3,A-High,test 1,A-Mid,test 3,test unit A labels,,,,,,,,,,,,,,,,,,,,,,,,,,,,,,,,,,,,,,,,,,,,,,,,,,,,,,,,,,,,,,,,,,,,,,,,,,,,,,,,,,,,,,,,,,,,,,,,,,,,,,,,,,,,,,,,,,,,,,,,,,,,,,,,,,,,,,,,,,,,,,,,,,,,,,,,,,,Neither agree nor disagree,Neither agree nor disagree,Neither agree nor disagree,Neither agree nor disagree,Neither agree nor disagree,Neither agree nor disagree,Neither agree nor disagree,Neither agree nor disagree,Neither agree nor disagree,Neither agree nor disagree,Neither agree nor disagree,Neither agree nor disagree,Neither agree nor disagree,"environment Test - ",Strongly agree,Strongly agree,Strongly agree,Strongly agree,Strongly agree,Strongly agree,Strongly agree,Strongly agree,Strongly agree,Strongly agree,Strongly agree,Strongly agree,Strongly agree,environment test - low,Neither agree nor disagree,Neither agree nor disagree,Neither agree nor disagree,Neither agree nor disagree,Neither agree nor disagree,Neither agree nor disagree,Neither agree nor disagree,Neither agree nor disagree,Neither agree nor disagree,Neither agree nor disagree,Neither agree nor disagree,Neither agree nor disagree,Neither agree nor disagree,test env - mid,1,2,3,E-Low,test 2,E-High,test 1,high low mid,,,,,,,,,,,,,,,,,,,,,,,,,,,,,,,,,,,,,,,,,,,,,,,,,,,,,,,,,,,,,,,,,,,,,,,,,,,,,,,,,,,,,,,,,,,,,,,,,,,,,,,,test,,5,0.8333333333333334,"QID1323391149,QID13,QID1323391155,QID39,QID1323391152",0.06666666666666667,"QID37,QID45"
2026-05-18 12:02:21,2026-05-18 13:00:03,IP Address,97.246.195.151,100,3462,True,2026-05-18 13:00:03,R_7zNOudxFP1eBE2u,,,,,33.591,-112.1209,anonymous,EN,Native/Bilingual,27,Male,Neither,8803,,,,,,,,,,,,,,,,,,,,,,,,,,,,,,,,,,,,,,,,,,,,,,,,,,,,,,,,,,,,,,,,,,,,,,,,,,,,,,,,,,,,,,,,,,,,,,,,,,,,,,,,,,,,,,,,,,,,,,,,,,,,,,,,,,,,,,,,,,,,,,,,,,,,,,,,,,,,,,,,,,,,,,,,,,,,,,,,,,,,,,,,,,,,,,,,,,,,,,,,,,,,,Strongly agree,Strongly agree,Somewhat Disagree,Strongly agree,Strongly agree,Somewhat Disagree,Somewhat agree,Somewhat agree,Somewhat agree,Strongly agree,Somewhat agree,Somewhat Disagree,Strongly agree,"The audio in the clip sounded more urgent than just taking a stroll to the grocery store. While the instructions were clear, they could have been more calm and relaxing.",Strongly Disagree,Strongly agree,Strongly agree,Strongly agree,Strongly agree,Strongly agree,Strongly agree,Strongly agree,Strongly agree,Strongly agree,Strongly Disagree,Strongly Disagree,Strongly agree,"That was a much more pleasant experience. While not making me feel as if I'm in a high stakes situation, the robot was still clear in instructions and made me feel comfortable.",Strongly Disagree,Somewhat agree,Somewhat agree,Somewhat Disagree,Somewhat agree,Somewhat Disagree,Somewhat agree,Somewhat Disagree,Somewhat agree,Somewhat Disagree,Strongly Disagree,Somewhat Disagree,Somewhat Disagree,"While the robot was polite and constantly said ""Please"", that made me feel a little bit uneasy as if the robot was asking for my permission to move to the location instead of directing me to the location. I was more worried about my own safety and whether or not I could trust a timid robot.",3,2,1,E-Low,"While not being too assertive and not too timid, the robot in the second recording made me feel more comfortable on my way to the store. There was a sense of my robot and I are going on a stroll together.",E-High,"Given that the situation was going to the grocery store with my robot, the first option was the lease acceptable just by how on edge their instructions made me feel. I felt as if I were being chased and for some reason we had to escape quickly.","The tone between the two was vastly different, in one the tone was more calming and created a sense of unity where the other one was more assertive and stress inducing. With the second option, I felt more comfortable going on a stroll and in the first one, I felt as if I had to constantly look over my shoulder.",,Somewhat agree,Somewhat agree,Somewhat agree,Somewhat agree,Somewhat agree,Somewhat agree,Neither agree nor disagree,Somewhat agree,Strongly agree,Somewhat agree,Strongly Disagree,Strongly Disagree,Strongly agree,"The robot knew what to do and asked for my input when necessary. ",Somewhat Disagree,Somewhat agree,Somewhat agree,Somewhat agree,Somewhat agree,Somewhat agree,Somewhat agree,Somewhat agree,Somewhat agree,Somewhat agree,Strongly Disagree,Strongly Disagree,Somewhat agree,"The robot's voice reminded me of Google's GSP and also ""cared"" whether something or someone has passed me quickly once I told them, they recommended a different trail there but also said how much added time that would take. Letting me make a choice whether or not to follow through in which case I didn't.",Strongly agree,Strongly agree,Somewhat Disagree,Somewhat Disagree,Somewhat agree,Somewhat Disagree,Somewhat agree,Somewhat agree,Strongly agree,Somewhat Disagree,Strongly agree,Somewhat Disagree,Somewhat agree,"While the robot may have been more pushy, it was also direct and gave me the option to bow out respectively of the option by not walking over there. Instead of giving choices that I would have to decided on my own this was a very dismissive approach. ",2,1,3,F-Low,"The approach in this option was direct, but not too assertive. Another thing I noticed too was the only one to put my mind at ease over what brushed past me.",F-Mid,"The robot in this clip was more assertive but also more demissive. Making this one not as appropriate as the other ","A big difference was the difference in compassion and care between the two audio files. In the second audio clip the robot was more compassionate, putting me at ease over what brushed passed me and taking me into account. While the third option was more cold and directly approaching the issue as ""If you want to go this way change direction"" otherwise keep going.",,Somewhat Disagree,Somewhat Disagree,Somewhat agree,Somewhat Disagree,Somewhat agree,Somewhat agree,Somewhat agree,Strongly Disagree,Somewhat agree,Somewhat agree,Strongly Disagree,Somewhat agree,Somewhat Disagree,The robot left me to make all of the decisions which I'm not quite sure why that matters if I'm unable to see where I'm going anyway. This caused a little bit of confusion for me. Although it sounded like we were going through a park together and the robot asked my opinion on every decision which I did appreciate I did not see the reasoning behind it.,Somewhat Disagree,Somewhat agree,Somewhat agree,Somewhat agree,Somewhat agree,Somewhat agree,Somewhat agree,Strongly agree,Somewhat agree,Somewhat agree,Somewhat Disagree,Somewhat Disagree,Strongly agree,"In this clip, the robot was much more sure of itself and only asked for my opinion based on what they perceived to be the correct answer and then left it up to me based on what it said would be the best route. The experience was still polite, but direct in approach.",Somewhat Disagree,Somewhat Disagree,Somewhat Disagree,Somewhat agree,Somewhat agree,Strongly Disagree,Somewhat Disagree,Somewhat agree,Strongly agree,Somewhat Disagree,Somewhat Disagree,Strongly Disagree,Somewhat agree,"The robot in this clip was cold towards me making the experience less enjoyable. While the directions were direct they were also brief leading me to make a decision without possibly knowing which is the more favorable outcome. The robot sounded like a robot in this clip when it asked me to ""confirm"" my choice each time.",3,2,1,G-Low,"The second option was not overly direct or timid and it felt as if my opinion mattered without it being the final choice, even though it was. Compared to the other two options this one didn't go too far into extremes in one way or the other.",G-Mid,"This one felt as if the robot was too timid in their approach. Instead of guiding me, they asked me, a blind person, which would I prefer as if it mattered to me. The directions were more posed as questions in this clip making me feel uneasy.","The robot in the third option was overly polite leaning on the side of being timid which made me feel uneasy while the second option was direct, knew what it was doing, and asked me for my opinion instead of asking if it's okay for the robot to this wau.",,,,0,0,,0.023809523809523808,QID117
2026-05-28 14:41:32,2026-05-28 14:59:08,Survey Preview,,100,1055,True,2026-05-28 14:59:08,R_7CHVa1zPAQtWCgp,,,,,33.7928,-84.3963,preview,EN,Elementary Proficiency,test,Female,Neither,test,Neither agree nor disagree,Neither agree nor disagree,Neither agree nor disagree,Neither agree nor disagree,Neither agree nor disagree,Neither agree nor disagree,Neither agree nor disagree,Neither agree nor disagree,Neither agree nor disagree,Neither agree nor disagree,Neither agree nor disagree,Neither agree nor disagree,Neither agree nor disagree,test,Neither agree nor disagree,Neither agree nor disagree,Neither agree nor disagree,Neither agree nor disagree,Neither agree nor disagree,Neither agree nor disagree,Neither agree nor disagree,Neither agree nor disagree,Neither agree nor disagree,Neither agree nor disagree,Neither agree nor disagree,Neither agree nor disagree,Neither agree nor disagree,test,Neither agree nor disagree,Neither agree nor disagree,Neither agree nor disagree,Neither agree nor disagree,Neither agree nor disagree,Neither agree nor disagree,Neither agree nor disagree,Neither agree nor disagree,Neither agree nor disagree,Neither agree nor disagree,Neither agree nor disagree,Neither agree nor disagree,Neither agree nor disagree,test,1,2,3,A-Low,,A-Low,,test,Paris,Neither agree nor disagree,Neither agree nor disagree,Neither agree nor disagree,Neither agree nor disagree,Neither agree nor disagree,Neither agree nor disagree,Neither agree nor disagree,Neither agree nor disagree,Neither agree nor disagree,Neither agree nor disagree,Neither agree nor disagree,Neither agree nor disagree,Neither agree nor disagree,"test ",Neither agree nor disagree,Neither agree nor disagree,Neither agree nor disagree,Neither agree nor disagree,Neither agree nor disagree,Neither agree nor disagree,Neither agree nor disagree,Neither agree nor disagree,Neither agree nor disagree,Neither agree nor disagree,Neither agree nor disagree,Neither agree nor disagree,Neither agree nor disagree,"test ",Neither agree nor disagree,Neither agree nor disagree,Neither agree nor disagree,Neither agree nor disagree,Neither agree nor disagree,Neither agree nor disagree,Neither agree nor disagree,Neither agree nor disagree,Neither agree nor disagree,Neither agree nor disagree,Neither agree nor disagree,Neither agree nor disagree,Neither agree nor disagree,test - low,3,1,2,B-Low,test - high low mid,B-Low,,test,Apple,,,,,,,,,,,,,,,,,,,,,,,,,,,,,,,,,,,,,,,,,,,,,,,,,,,,,,,,,,,,,,,,,,,,,,,,,,,,,,,,,,,,,,,,,,,,,,,,,,,,,,,Neither agree nor disagree,Neither agree nor disagree,Neither agree nor disagree,Neither agree nor disagree,Neither agree nor disagree,Neither agree nor disagree,Neither agree nor disagree,Neither agree nor disagree,Neither agree nor disagree,Neither agree nor disagree,Neither agree nor disagree,Neither agree nor disagree,Neither agree nor disagree,test - env unit,Neither agree nor disagree,Neither agree nor disagree,Strongly Disagree,Neither agree nor disagree,Neither agree nor disagree,Neither agree nor disagree,Neither agree nor disagree,Neither agree nor disagree,Neither agree nor disagree,Neither agree nor disagree,Neither agree nor disagree,Neither agree nor disagree,Neither agree nor disagree,test,Neither agree nor disagree,Neither agree nor disagree,Neither agree nor disagree,Neither agree nor disagree,Neither agree nor disagree,Neither agree nor disagree,Neither agree nor disagree,Neither agree nor disagree,Neither agree nor disagree,Neither agree nor disagree,Neither agree nor disagree,Neither agree nor disagree,Neither agree nor disagree,test,3,1,2,E-High,test,E-High,test,test,Flower,,,,,,,,,,,,,,,,,,,,,,,,,,,,,,,,,,,,,,,,,,,,,,,,,,,,,,,,,,,,,,,,,,,,,,,,,,,,,,,,,,,,,,,,,,,,,,,,,,,,,,,none,,8,0.8888888888888888,"QID1323391149,QID13,QID1323384128,QID1323384131,QID10,QID1323384125,QID1323391155,QID39",0.06666666666666667,"QID112,QID113,QID15"
2026-06-01 18:55:10,2026-06-01 20:34:21,IP Address,69.112.143.62,100,5951,True,2026-06-01 20:34:22,R_6lz7PbMixtj6r0v,,,,,41.1312,-74.3674,anonymous,EN,Native/Bilingual,32,Female,Neither,8803,Somewhat agree,Strongly agree,Strongly Disagree,Somewhat Disagree,Somewhat agree,Somewhat Disagree,Strongly Disagree,Somewhat agree,Somewhat agree,Strongly Disagree,Somewhat agree,Strongly Disagree,Somewhat Disagree,The robot sounded like it was takinng me hostage. Demanding in a way that infers potential danger,Strongly agree,Strongly agree,Strongly agree,Strongly agree,Strongly agree,Strongly agree,Strongly agree,Strongly agree,Strongly agree,Strongly agree,Strongly Disagree,Strongly Disagree,Somewhat agree,This one the robot was more approaching the directions in a way that made sure the listener knew they could request something else or deny,Strongly agree,Strongly agree,Neither agree nor disagree,Somewhat agree,Somewhat agree,Somewhat agree,Somewhat agree,Strongly agree,Strongly agree,Neither agree nor disagree,Somewhat agree,Strongly Disagree,Somewhat agree,This was a middle ground between the other too but still leaned more demanding and urgent than necessary,3,1,2,A-Low,It's clear but not terrifying or controlling and also not too apologetic,A-High,It sounds like you are being take hostage,"1- threatening
2- teamwork led
3- too formal",Paris,Strongly agree,Strongly agree,Somewhat Disagree,Strongly agree,Strongly agree,Somewhat agree,Somewhat agree,Strongly agree,Strongly agree,Somewhat Disagree,Strongly agree,Strongly agree,Strongly agree,"It wasn't a real emotional feedback. ",Strongly agree,Strongly agree,Somewhat Disagree,Strongly agree,Strongly Disagree,Strongly agree,Somewhat Disagree,Strongly agree,Strongly agree,Strongly agree,Strongly Disagree,Somewhat agree,Strongly agree,It is very clear without being pushy. Very matter of fact in a way that would be helpful to anxiety,Somewhat agree,Somewhat agree,Somewhat agree,Somewhat agree,Somewhat agree,Strongly agree,Strongly agree,Somewhat agree,Strongly agree,Strongly agree,Somewhat Disagree,Strongly Disagree,Somewhat agree,"The robot sounded both polite and clear. However, it lacked a certain emotion i the voice that made it feel less automatic and more present in responses",3,2,1,B-Mid,It felt more friendly and less robotic.,B-High,It sounded urgent in a way that would be worrying. Not trustworthy in that urgency,"1-controlling
2- suggestive
3- leading",Apple,,,,,,,,,,,,,,,,,,,,,,,,,,,,,,,,,,,,,,,,,,,,,,,,,,,,,,,,,,,,,,,,,,,,,,,,,,,,,,,,,,,,,,,,,,,,,,,,,,,,,,,,,,,,,,,,,,,,,,,,,,,,,,,,,,,,,,,,,,,,,,,,,,,,,,,,,,Strongly agree,Strongly agree,Neither agree nor disagree,Somewhat agree,Strongly agree,Neither agree nor disagree,Strongly agree,Strongly agree,Strongly agree,Neither agree nor disagree,Somewhat Disagree,Strongly Disagree,Strongly agree,"Very pragmatic sounding robot, no personality, definitely not the warmth of a dog",Somewhat agree,Strongly agree,Somewhat agree,Strongly agree,Somewhat agree,Somewhat agree,Somewhat agree,Strongly agree,Strongly agree,Neither agree nor disagree,Somewhat Disagree,Strongly Disagree,Strongly agree,"This one the robot sounded more friendly towards the end and made the approach more collaborative rather than demanding ",Strongly agree,Strongly agree,Strongly Disagree,Strongly agree,Somewhat agree,Strongly Disagree,Somewhat agree,Somewhat agree,Somewhat agree,Neither agree nor disagree,Strongly agree,Strongly Disagree,Strongly agree,very short and rude,1,3,2,F-Low,more collaborative snd still assertive,F-Low,cler and collaborative without being rude1,1 and 2 are straightforward and 3 is moew kine of short,12,,,,,,,,,,,,,,,,,,,,,,,,,,,,,,,,,,,,,,,,,,,,,,,,,,,,,,0,0,,0.022222222222222223,QID117
2026-06-04 13:46:57,2026-06-04 14:02:53,IP Address,72.159.77.112,100,956,True,2026-06-04 14:02:54,R_7kM8yp580FZMuV8,,,,,37.7308,-122.3838,anonymous,EN,Native/Bilingual,29,Female,Neither,8803,Somewhat agree,Neither agree nor disagree,Neither agree nor disagree,Neither agree nor disagree,Neither agree nor disagree,Neither agree nor disagree,Neither agree nor disagree,Somewhat agree,Neither agree nor disagree,Neither agree nor disagree,Neither agree nor disagree,Somewhat Disagree,Somewhat agree,very professional,Somewhat agree,Somewhat agree,Somewhat agree,Strongly agree,Somewhat agree,Strongly agree,Strongly agree,Somewhat agree,Somewhat agree,Strongly agree,Somewhat Disagree,Strongly agree,Strongly agree,More humanlike,Neither agree nor disagree,Neither agree nor disagree,Neither agree nor disagree,Neither agree nor disagree,Somewhat Disagree,Somewhat Disagree,Neither agree nor disagree,Neither agree nor disagree,Neither agree nor disagree,Neither agree nor disagree,Neither agree nor disagree,Neither agree nor disagree,Neither agree nor disagree,"not as pleasant
",3,2,1,A-Mid,more relaxing,A-High,creepy,not super polite,Paris,,,,,,,,,,,,,,,,,,,,,,,,,,,,,,,,,,,,,,,,,,,,,,,,,,,,Somewhat agree,Neither agree nor disagree,Neither agree nor disagree,Neither agree nor disagree,Somewhat agree,Neither agree nor disagree,Neither agree nor disagree,Neither agree nor disagree,Neither agree nor disagree,Somewhat Disagree,Neither agree nor disagree,Somewhat agree,Neither agree nor disagree,too tense,Somewhat agree,Somewhat agree,Somewhat agree,Somewhat agree,Somewhat agree,Somewhat agree,Somewhat agree,Somewhat agree,Somewhat agree,Somewhat agree,Somewhat agree,Somewhat agree,Somewhat agree,it was okay not the best,Neither agree nor disagree,Neither agree nor disagree,Neither agree nor disagree,Neither agree nor disagree,Neither agree nor disagree,Somewhat agree,Somewhat agree,Neither agree nor disagree,Neither agree nor disagree,Neither agree nor disagree,Neither agree nor disagree,Somewhat agree,Neither agree nor disagree,it was more engaging,3,2,1,C-High,he sounded friendly,C-Mid,idk not engaging,it was okay kind of tense,Dog,,,,,,,,,,,,,,,,,,,,,,,,,,,,,,,,,,,,,,,,,,,,,,,,,,,,Somewhat agree,Somewhat agree,Somewhat agree,Somewhat agree,Somewhat agree,Somewhat agree,Somewhat agree,Somewhat agree,Somewhat agree,Somewhat agree,Somewhat Disagree,Somewhat agree,Somewhat agree,much better in this clip,Neither agree nor disagree,Neither agree nor disagree,Neither agree nor disagree,Neither agree nor disagree,Neither agree nor disagree,Neither agree nor disagree,Neither agree nor disagree,Neither agree nor disagree,Neither agree nor disagree,Neither agree nor disagree,Neither agree nor disagree,Neither agree nor disagree,Neither agree nor disagree,it was okay and felt natural,Somewhat agree,Somewhat agree,Somewhat agree,Somewhat agree,Somewhat agree,Somewhat agree,Somewhat agree,Somewhat agree,Somewhat agree,Somewhat agree,Somewhat agree,Somewhat agree,Somewhat agree,it was alright,3,2,1,E-Mid,more confident,E-High,"idk it was less tense
",it was better tone,Flower,,,,,,,,,,,,,,,,,,,,,,,,,,,,,,,,,,,,,,,,,,,,,,,,,,,,,,,,,,,,,,,,,,,,,,,,,,,,,,,,,,,,,,,,,,,,,,,,,,,,,,,no,,3,0.3333333333333333,"QID1323384170,QID1323391152,QID1323391155",0,
2026-06-04 13:47:00,2026-06-04 14:23:22,IP Address,73.221.129.236,100,2181,True,2026-06-04 14:23:22,R_3o0DHfcMBUpZvtI,,,,,47.1445,-122.2548,anonymous,EN,Native/Bilingual,30,Male,Neither,8803,,,,,,,,,,,,,,,,,,,,,,,,,,,,,,,,,,,,,,,,,,,,,,,,,,,,,,,,,,,,,,,,,,,,,,,,,,,,,,,,,,,,,,,,,,,,,,,,,,,,,,,Somewhat agree,Neither agree nor disagree,Neither agree nor disagree,Neither agree nor disagree,Neither agree nor disagree,Neither agree nor disagree,Neither agree nor disagree,Neither agree nor disagree,Neither agree nor disagree,Neither agree nor disagree,Somewhat agree,Somewhat agree,Neither agree nor disagree,The robots instructions require visual context. I'm not sure if this would be helpful.,Neither agree nor disagree,Somewhat agree,Somewhat agree,Neither agree nor disagree,Somewhat agree,Neither agree nor disagree,Neither agree nor disagree,Neither agree nor disagree,Neither agree nor disagree,Neither agree nor disagree,Somewhat agree,Neither agree nor disagree,Neither agree nor disagree,The robots instructions require visual context. I'm not sure if this would be helpful.,Somewhat agree,Neither agree nor disagree,Neither agree nor disagree,Neither agree nor disagree,Neither agree nor disagree,Somewhat agree,Neither agree nor disagree,Somewhat agree,Neither agree nor disagree,Somewhat agree,Neither agree nor disagree,Neither agree nor disagree,Neither agree nor disagree,The robots instructions require visual context. I'm not sure if this would be helpful.,2,1,3,C-High,Felt like a good mix of all three options,C-Mid,Felt too passive for the situation.,Some of them were more passive while others were more aggressive/assertive.,Dog,,,,,,,,,,,,,,,,,,,,,,,,,,,,,,,,,,,,,,,,,,,,,,,,,,,,,,,,,,,,,,,,,,,,,,,,,,,,,,,,,,,,,,,,,,,,,,,,,,,,,,,Neither agree nor disagree,Somewhat agree,Neither agree nor disagree,Somewhat Disagree,Neither agree nor disagree,Neither agree nor disagree,Neither agree nor disagree,Neither agree nor disagree,Neither agree nor disagree,Somewhat agree,Neither agree nor disagree,Somewhat agree,Neither agree nor disagree,The robots instructions require visual context. I'm not sure if this would be helpful.,Neither agree nor disagree,Somewhat Disagree,Neither agree nor disagree,Somewhat agree,Neither agree nor disagree,Neither agree nor disagree,Somewhat agree,Neither agree nor disagree,Neither agree nor disagree,Neither agree nor disagree,Neither agree nor disagree,Neither agree nor disagree,Neither agree nor disagree,The robots instructions require visual context. I'm not sure if this would be helpful.,Neither agree nor disagree,Somewhat agree,Somewhat agree,Neither agree nor disagree,Neither agree nor disagree,Somewhat agree,Neither agree nor disagree,Neither agree nor disagree,Neither agree nor disagree,Neither agree nor disagree,Neither agree nor disagree,Neither agree nor disagree,Neither agree nor disagree,The robots instructions require visual context. I'm not sure if this would be helpful.,2,1,3,F-High,This one felt like a mix of the other two options.,F-Mid,This one felt like too much of a push over.,Some of them spoke faster than others. Some of them were more polite while others were more assertive.,12,Neither agree nor disagree,Somewhat agree,Somewhat agree,Somewhat agree,Neither agree nor disagree,Neither agree nor disagree,Neither agree nor disagree,Somewhat agree,Neither agree nor disagree,Neither agree nor disagree,Neither agree nor disagree,Somewhat agree,Neither agree nor disagree,I'm not sure that this would be helpful.,Neither agree nor disagree,Neither agree nor disagree,Neither agree nor disagree,Neither agree nor disagree,Somewhat agree,Somewhat agree,Neither agree nor disagree,Somewhat Disagree,Neither agree nor disagree,Neither agree nor disagree,Neither agree nor disagree,Neither agree nor disagree,Neither agree nor disagree,The robots instructions require visual context.,Neither agree nor disagree,Somewhat agree,Somewhat agree,Somewhat agree,Neither agree nor disagree,Somewhat agree,Neither agree nor disagree,Neither agree nor disagree,Neither agree nor disagree,Neither agree nor disagree,Neither agree nor disagree,Somewhat agree,Neither agree nor disagree,The robots instructions require visual context.,2,1,3,G-High,This one is the most balanced.,G-Low,Sounds too assertive.,They all were slightly different from each other. Some were more polite than others. Some of them spoke faster than others. Some of them were more assertive/straight to the point. Some of them came across as bossy.,4,,,0,0,,0.022222222222222223,QID117
2026-06-04 13:49:49,2026-06-04 14:41:42,IP Address,47.151.2.186,100,3112,True,2026-06-04 14:41:42,R_5I4dArtO9ZsawXU,,,,,33.7518,-117.9932,anonymous,EN,Native/Bilingual,22,Female,Low Vision,8803,,,,,,,,,,,,,,,,,,,,,,,,,,,,,,,,,,,,,,,,,,,,,,,,,,,,,,,,,,,,,,,,,,,,,,,,,,,,,,,,,,,,,,,,,,,,,,,,,,,,,,,Strongly agree,Strongly agree,Strongly agree,Strongly agree,Strongly agree,Neither agree nor disagree,Strongly agree,Strongly agree,Strongly agree,Strongly agree,Somewhat Disagree,Strongly Disagree,Neither agree nor disagree,"My impression is that I would feel extremely relieved to receive these instructions. It states what the hazard is in a timely manner, and ensures my safety.",Somewhat Disagree,Neither agree nor disagree,Somewhat agree,Neither agree nor disagree,Somewhat agree,Strongly agree,Neither agree nor disagree,Somewhat agree,Somewhat agree,Somewhat agree,Somewhat Disagree,Neither agree nor disagree,Neither agree nor disagree,"This robot is polite, and it feels like the situations are less dangerous based on how it is describing them? While it's kind of comforting to listen too, I'm not sure if it's sure.",Somewhat agree,Somewhat agree,Somewhat Disagree,Somewhat agree,Somewhat agree,Somewhat agree,Somewhat Disagree,Neither agree nor disagree,Neither agree nor disagree,Somewhat agree,Somewhat Disagree,Neither agree nor disagree,Somewhat agree,"I have mixed feelings on this clip. It's kind of sweet that the robot frames it as ""we'll do it together,"" but at the same time, I worry about the severity of the situation and response time. Also, the ""we'll"" was a bit repetitive. ",3,2,1,C-High,"I chose this option not only because the instructions are objective and brief, but it could also lead to better response time in case there is something hazardous in the way. It speaks briefly enough that one could quickly respond, even before they fully process it.",C-Low,"I chose the second option because it spoke slowly and conversationally. While it still gives directions instead of suggestions, which I appreciate, they feel more lax, and too slow/wordy to have the listener react in time.","All in all, we have one that is objective and brief, one that is polite and repetitive, and one that felt very friendly (using the we'll). I appreciated how they all gave directions/stated facts instead of being wishy washy, but some were still shorter and more appropriate than others.",Dog,Strongly agree,Neither agree nor disagree,Neither agree nor disagree,Somewhat agree,Somewhat agree,Neither agree nor disagree,Somewhat agree,Somewhat Disagree,Somewhat agree,Somewhat agree,Neither agree nor disagree,Strongly agree,Somewhat agree,"It seemed very brief, and ""straight to the point,"" but it was giving me a lot of information at once, which would confuse me if I were the one walking. I can't keep track of so many things.",Strongly agree,Somewhat agree,Neither agree nor disagree,Somewhat agree,Somewhat agree,Neither agree nor disagree,Somewhat agree,Neither agree nor disagree,Strongly agree,Somewhat agree,Somewhat agree,Somewhat agree,Strongly agree,"It seemed extremely similar to the last one, but the voice sounded a bit more intimidating and straightforward. It felt very sure of itself, even moreso than the last one.",Neither agree nor disagree,Strongly agree,Strongly agree,Somewhat agree,Strongly agree,Somewhat Disagree,Strongly agree,Strongly agree,Strongly agree,Strongly agree,Somewhat Disagree,Somewhat Disagree,Neither agree nor disagree,"I love this one! It felt almost like a GPS app. I appreciate how objective it is, and it allows me to follow simple instructions without being confused or set off track by a conversation.",2,1,3,D-High,"I chose this option because it felt the most objective, straightforward, and easy to understand of the three. There is also a bit of familiarity involved, considering it sounds like a GPS app rather than a conversation. It doesn't hedge with ""might"" or ""maybe"" and there's no fluff. The instructions are brief, and this eases the mental load one might feel have while both walking and listening.",D-Low,"This version felt ""wishy-washy,"" or confusing due to how much it hedged. Phrasing like ""we may be"" or ""we might,"" or ""we could,"" confuses me and may disorient someone as they are walking. It feels more like I'm being offered suggestions rather than actual navigation.","The voice itself seems blunt, or assertive. But each one is a different amount of ""wordy."" One feels like a wishy-washy conversation. It feels polite but I'm straining to listen. The next feels cordial and brief, or even a little cold. And the last audio gave very simple instructions without fluff, which felt stabilizing in a way.",Yellow,,,,,,,,,,,,,,,,,,,,,,,,,,,,,,,,,,,,,,,,,,,,,,,,,,,,,,,,,,,,,,,,,,,,,,,,,,,,,,,,,,,,,,,,,,,,,,,,,,,,,,,Somewhat Disagree,Somewhat agree,Somewhat agree,Neither agree nor disagree,Somewhat agree,Strongly agree,Somewhat agree,Neither agree nor disagree,Somewhat agree,Somewhat agree,Strongly Disagree,Neither agree nor disagree,Somewhat agree,"The robot continuously offered him other options, outside of the normal route. I feel like I would only want to hear about additional options if I asked. When it comes to the instructions/voice itself, I find it's adequate. It seems polite, willing, friendly. I like that they're presented as options.",Somewhat Disagree,Neither agree nor disagree,Somewhat Disagree,Neither agree nor disagree,Neither agree nor disagree,Somewhat agree,Strongly Disagree,Strongly Disagree,Neither agree nor disagree,Strongly Disagree,Strongly Disagree,Strongly agree,Somewhat Disagree,"This has the same problem as the previous wordy instructions from the first three audio clips. It feels confusing/disorienting to listen to, and I imagine I would stop in the middle of sidewalks and ask for clarification.",Strongly agree,Neither agree nor disagree,Somewhat agree,Somewhat agree,Somewhat agree,Neither agree nor disagree,Somewhat agree,Somewhat agree,Strongly agree,Somewhat Disagree,Neither agree nor disagree,Neither agree nor disagree,Strongly agree,"This was very objective-sounding similarly to the one I rated highly from the first set. But somehow it feels slightly off here? I appreciate it, but I'm not sure it fits the best.",3,1,2,G-High,"Initially, I thought the third option was best because it was balanced, but listening in again, I think the objective one is the better fit. The ""in between"" is a bit repetitive, and saying please before every instruction is unnecessary. The more objective and brief voice gives clear instructions, and I continuously appreciate that.",G-Low,"Once again, the ""wishy washy"" voice feels the least appropriate of the three. This is because it would probably confuse me if I were walking around and trying to reach a destination. I just want clear instructions, not suggestions. ","One felt very polite and repetitive, another felt objective but robotic, and one felt like a conversational partner giving suggestions. For the purposes of navigation, it just makes the most sense to receive brief and specific instructions. This helps clarify where I'm going to go.",4,"No, everything was perfectly fine! Thank you!",,0,0,,0,
2026-06-04 13:46:54,2026-06-04 14:48:46,IP Address,198.72.201.162,100,3712,True,2026-06-04 14:48:47,R_3NsczyKoEc2FoEF,,,,,34.3077,-118.4287,anonymous,EN,Native/Bilingual,22,Male,Neither,8803,Neither agree nor disagree,Neither agree nor disagree,Neither agree nor disagree,Neither agree nor disagree,Somewhat Disagree,Somewhat Disagree,Neither agree nor disagree,Somewhat Disagree,Somewhat Disagree,Somewhat Disagree,Somewhat Disagree,Somewhat Disagree,Somewhat Disagree,fast and hard to understand the directions given,Neither agree nor disagree,Somewhat agree,Somewhat agree,Neither agree nor disagree,Neither agree nor disagree,Neither agree nor disagree,Somewhat Disagree,Neither agree nor disagree,Neither agree nor disagree,Somewhat Disagree,Neither agree nor disagree,Neither agree nor disagree,Somewhat Disagree,too much wordiness and repeating and too slow no real substance,Somewhat agree,Somewhat agree,Somewhat agree,Neither agree nor disagree,Somewhat agree,Neither agree nor disagree,Neither agree nor disagree,Neither agree nor disagree,Somewhat Disagree,Neither agree nor disagree,Neither agree nor disagree,Somewhat agree,Somewhat agree,good pacing and instructions made good sense,1,2,3,A-Mid,it had the best instructions and pacing,A-High,it was aggressive with bad instructions,I think 1 and 2 were rude and fast then 2 slow and 3 was better paced and clear,Paris,,,,,,,,,,,,,,,,,,,,,,,,,,,,,,,,,,,,,,,,,,,,,,,,,,,,,,,,,,,,,,,,,,,,,,,,,,,,,,,,,,,,,,,,,,,,,,,,,,,,,,,Neither agree nor disagree,Neither agree nor disagree,Neither agree nor disagree,Somewhat agree,Somewhat agree,Somewhat agree,Neither agree nor disagree,Neither agree nor disagree,Somewhat Disagree,Neither agree nor disagree,Somewhat agree,Somewhat agree,Somewhat Disagree,ok the side path bit was a tad better impression,Neither agree nor disagree,Somewhat agree,Somewhat agree,Neither agree nor disagree,Neither agree nor disagree,Somewhat Disagree,Somewhat agree,Somewhat agree,Somewhat agree,Somewhat agree,Somewhat agree,Somewhat agree,Somewhat agree,better special descriptions then usual,Neither agree nor disagree,Somewhat Disagree,Neither agree nor disagree,Somewhat Disagree,Neither agree nor disagree,Somewhat Disagree,Somewhat Disagree,Strongly Disagree,Somewhat Disagree,Strongly Disagree,Somewhat agree,Somewhat Disagree,Somewhat Disagree,way to assertive for the lack of information given,2,3,1,D-Low,"it gave the best spatial descriptions and instructions ",D-High,just too short and pushy for the directions given,I would say 1st and 3rd were too short and pushy and the 2nd while not great got the job done in an ok way,Yellow,Strongly Disagree,Neither agree nor disagree,Neither agree nor disagree,Somewhat Disagree,Neither agree nor disagree,Neither agree nor disagree,Neither agree nor disagree,Somewhat Disagree,Neither agree nor disagree,Somewhat Disagree,Neither agree nor disagree,Neither agree nor disagree,Somewhat Disagree,it was a bit stiff and vague,Neither agree nor disagree,Somewhat Disagree,Neither agree nor disagree,Somewhat Disagree,Neither agree nor disagree,Somewhat Disagree,Somewhat Disagree,Neither agree nor disagree,Somewhat Disagree,Somewhat Disagree,Somewhat Disagree,Neither agree nor disagree,Neither agree nor disagree,I mean it said the directions and they were followed but they are too simple,Somewhat Disagree,Neither agree nor disagree,Neither agree nor disagree,Neither agree nor disagree,Somewhat Disagree,Somewhat Disagree,Somewhat Disagree,Somewhat Disagree,Neither agree nor disagree,Somewhat Disagree,Somewhat Disagree,Somewhat Disagree,Neither agree nor disagree,I did not like how the crowd bit was handled. needs to break down what the path looks like better,3,2,1,E-Low,it had the most comprehensive path but was still too vague,E-High,it was way too pushy for the vague info given,"I would say the first is pushy and short the second is more lengthy and the third is just unclear and undescriptive ",Flower,,,,,,,,,,,,,,,,,,,,,,,,,,,,,,,,,,,,,,,,,,,,,,,,,,,,,,,,,,,,,,,,,,,,,,,,,,,,,,,,,,,,,,,,,,,,,,,,,,,,,,,no it worked very well and everything played and sounded clear. Thanks,,0,0,,0,
2026-06-04 13:46:57,2026-06-04 14:49:55,IP Address,98.193.61.39,100,3777,True,2026-06-04 14:49:55,R_6uwQLtTjYl47cmB,,,,,42.0487,-87.8905,anonymous,EN,Native/Bilingual,45,Male,Neither,8803,,,,,,,,,,,,,,,,,,,,,,,,,,,,,,,,,,,,,,,,,,,,,,,,,,,,Neither agree nor disagree,Neither agree nor disagree,Somewhat agree,Somewhat agree,Somewhat agree,Neither agree nor disagree,Somewhat agree,Somewhat agree,Somewhat agree,Somewhat agree,Somewhat agree,Neither agree nor disagree,Somewhat agree,Insistent but not demanding,Somewhat agree,Somewhat agree,Neither agree nor disagree,Somewhat agree,Somewhat agree,Neither agree nor disagree,Somewhat agree,Neither agree nor disagree,Somewhat agree,Somewhat agree,Somewhat Disagree,Neither agree nor disagree,Somewhat agree,Bored and determined,Strongly agree,Somewhat agree,Somewhat agree,Somewhat agree,Somewhat agree,Somewhat agree,Somewhat agree,Somewhat agree,Somewhat agree,Somewhat agree,Strongly agree,Somewhat agree,Somewhat agree,Polite but pushy,3,2,1,B-Low,Not pushy but patient and polite,B-High,Very pushy,"1 is blunt, 2 is more patient, 3 is impatient",Apple,,,,,,,,,,,,,,,,,,,,,,,,,,,,,,,,,,,,,,,,,,,,,,,,,,,,,,,,,,,,,,,,,,,,,,,,,,,,,,,,,,,,,,,,,,,,,,,,,,,,,,,,,,,,,,,,,,,,,,,,,,,,,,,,,,,,,,,,,,,,,,,,,,,,,,,,,,Somewhat agree,Somewhat agree,Somewhat agree,Somewhat agree,Somewhat agree,Somewhat agree,Somewhat agree,Somewhat agree,Somewhat agree,Neither agree nor disagree,Neither agree nor disagree,Somewhat agree,Somewhat agree,The person was timid and the robot reassuring.,Neither agree nor disagree,Somewhat agree,Somewhat agree,Somewhat agree,Somewhat agree,Somewhat agree,Somewhat agree,Somewhat agree,Somewhat agree,Somewhat agree,Somewhat Disagree,Somewhat agree,Somewhat agree,The robot acted more like a companion.,Neither agree nor disagree,Neither agree nor disagree,Neither agree nor disagree,Neither agree nor disagree,Neither agree nor disagree,Neither agree nor disagree,Neither agree nor disagree,Neither agree nor disagree,Neither agree nor disagree,Neither agree nor disagree,Somewhat Disagree,Neither agree nor disagree,Neither agree nor disagree,Much more pushy,2,3,1,F-Low,Offered routes with support and reassurance.,F-High,Too timid and indecisive,2 was more confident.  1 was indecisive.  3 was bored.,12,Neither agree nor disagree,Neither agree nor disagree,Neither agree nor disagree,Neither agree nor disagree,Neither agree nor disagree,Neither agree nor disagree,Neither agree nor disagree,Neither agree nor disagree,Neither agree nor disagree,Neither agree nor disagree,Neither agree nor disagree,Neither agree nor disagree,Neither agree nor disagree,Offers suggestions politely.,Somewhat Disagree,Somewhat Disagree,Somewhat Disagree,Somewhat Disagree,Neither agree nor disagree,Somewhat Disagree,Neither agree nor disagree,Neither agree nor disagree,Neither agree nor disagree,Somewhat Disagree,Somewhat Disagree,Somewhat Disagree,Neither agree nor disagree,"More dismissive, questioning",Somewhat Disagree,Neither agree nor disagree,Neither agree nor disagree,Neither agree nor disagree,Neither agree nor disagree,Neither agree nor disagree,Neither agree nor disagree,Somewhat Disagree,Neither agree nor disagree,Somewhat Disagree,Strongly Disagree,Neither agree nor disagree,Somewhat Disagree,Required confirmation in each step.,3,2,1,G-Low,Decisive but polite,G-Mid,"Too much time spent on confirming,","1 is assertive, 2 is polite but suggestive, 3 requires too much confirmation",4,,,1,0.1111111111111111,QID1323391179,0.022222222222222223,QID117
2026-05-16 11:23:29,2026-05-16 11:41:58,IP Address,73.82.178.33,62,1109,False,2026-06-16 11:42:04,R_60phHFbw51tl1gV,,,,,33.8486,-84.3557,anonymous,EN,,,,,,,,,,,,,,,,,,,,,,,,,,,,,,,,,,,,,,,,,,,,,,,,,,,,,,,,,,,,,,,,,,,,,,,,,,,,,,,,,,,,,,,,,,,,,,,,,,,,,,,,,,,,,,,,,,,,,,,,,,,,,,,,,,,,,,,,,,,,,,,,,,,,,,,,,,,,,,,,,,,,,,,,,,,,,,,,,,,,,,,,,,,,,,,,,,,,,,,,,,,,,,,,,,,,,,,,,,,,,,,,,,,,,,,,,,,,,,,,,,,,,,,,,,,,,,,,,,,,,,,,,,,,,,,,,,,,,,,,,,,,,,,,,,,,,,,,,,,,,,,,,,,,,,,,,,,,,,,,,,,,,,,,,,,,,,,,,,,,,,,,,,,,,,,,,,,,,,,,,,,,,0,0,,1,"QID34,QID31,QID115,QID32,QID33"
2026-06-22 16:01:33,2026-06-22 16:33:37,IP Address,72.185.188.39,100,1924,True,2026-06-22 16:33:38,R_6LhbjEgkV1yA2u1,,,,,28.0702,-81.9641,anonymous,EN,Native/Bilingual,22,Female,Neither,8803,,,,,,,,,,,,,,,,,,,,,,,,,,,,,,,,,,,,,,,,,,,,,,,,,,,,Somewhat agree,Somewhat agree,Somewhat Disagree,Somewhat agree,Strongly agree,Somewhat Disagree,Somewhat agree,Somewhat Disagree,Somewhat agree,Somewhat Disagree,Somewhat agree,Somewhat Disagree,Strongly agree,"The instructions are given at a little too fast of a pace. I would also prefer more time before each instruction (not just, turn left now.) and maybe a different tone/voice would be better. ",Strongly Disagree,Strongly agree,Somewhat agree,Somewhat agree,Strongly agree,Somewhat agree,Somewhat agree,Strongly agree,Somewhat agree,Somewhat agree,Strongly Disagree,Somewhat Disagree,Somewhat Disagree,"I like the pacing of this one but would like more confident statements and phrasing. Hearing 'could turn' and 'might stop' make me a little uneasy about the directions I am being given. ",Somewhat agree,Somewhat Disagree,Somewhat Disagree,Somewhat agree,Somewhat agree,Somewhat agree,Somewhat agree,Somewhat Disagree,Somewhat agree,Somewhat Disagree,Strongly Disagree,Somewhat agree,Strongly agree,"I do not like the pacing and vagueness of the statements. ",3,1,2,B-Mid,"I chose this one because I like the pacing, the instructions are easier to understand and I like the phrasing and tone used., ",B-Low,"I did not like this one because of how vague the instructions are. ","The 17 second one is drawn out, vague, and very unsure sounding of the instructions. The 12 second one is a bit too fast paced for my liking and a little too demanding and assertive. The 15 second one uses polite phrasing and clearer instructions with a good pace.",Apple,,,,,,,,,,,,,,,,,,,,,,,,,,,,,,,,,,,,,,,,,,,,,,,,,,,,,,,,,,,,,,,,,,,,,,,,,,,,,,,,,,,,,,,,,,,,,,,,,,,,,,,Somewhat agree,Somewhat Disagree,Somewhat Disagree,Somewhat agree,Somewhat agree,Somewhat agree,Somewhat agree,Somewhat Disagree,Somewhat agree,Somewhat Disagree,Somewhat agree,Somewhat Disagree,Somewhat agree,"I did not like the suddeness of each instruction. The tone is a little too assertive and demanding as well. ",Somewhat Disagree,Somewhat agree,Somewhat agree,Somewhat agree,Somewhat agree,Somewhat agree,Somewhat agree,Somewhat agree,Somewhat agree,Somewhat agree,Somewhat Disagree,Somewhat Disagree,Somewhat agree,"This one uses a nice tone but a little too wordy. If I am listening to instructions in an environment that is changing I do not need the extra words like 'together' thrown in.l ",Somewhat agree,Somewhat agree,Somewhat agree,Somewhat agree,Somewhat agree,Somewhat agree,Somewhat agree,Somewhat agree,Somewhat agree,Somewhat agree,Somewhat Disagree,Somewhat Disagree,Somewhat agree,"This one has good pacing and is polite while also being clear. ",3,1,2,E-Mid,"I like this option best because the pace is good, instructions are clear, and the tone is not too demanding nor too wordy. ",E-Low,"I chose this one because it feels unnecessarily wordy and long for instructions in an environment that is quickly changing. ","The 32 second clip is long and wordy, not very helpful when trying to efficiently get somewhere. The 26 second one is too assertive, fast paced and demanding and ignored a question. The 27 second one is well paced and polite while not being too wordy and responsive to questions. ",Flower,Somewhat agree,Somewhat Disagree,Somewhat Disagree,Neither agree nor disagree,Somewhat agree,Somewhat Disagree,Somewhat agree,Somewhat Disagree,Somewhat agree,Somewhat Disagree,Strongly agree,Somewhat agree,Somewhat agree,"This one was very pushy and vague. I did not like the tone, pace, or phrasing. ",Somewhat Disagree,Somewhat agree,Somewhat agree,Somewhat agree,Somewhat agree,Somewhat agree,Somewhat agree,Somewhat agree,Somewhat agree,Somewhat agree,Somewhat Disagree,Somewhat Disagree,Somewhat agree,"I liked the pacing and the tone and politeness of this one, but did not like some of the wordiness. ",Somewhat agree,Somewhat agree,Somewhat Disagree,Somewhat agree,Somewhat agree,Somewhat agree,Somewhat agree,Somewhat agree,Somewhat agree,Somewhat agree,Somewhat Disagree,Somewhat Disagree,Somewhat agree,"I did not like this one's tone. The pace was okay but I did not like the phrasing. ",3,1,2,F-Low,"I chose this option because it is the least demanding while maintaining a good pace and clear instructions. ",F-Mid,"This one is too demanding with a fast pace and too wordy. ","The 44 second clip was wordy and long while being demanding. The 43 second clip was just demanding and fast paced. The 42 second clip had a good pace and was polite but also a little wordy. ",12,,,,,,,,,,,,,,,,,,,,,,,,,,,,,,,,,,,,,,,,,,,,,,,,,,,,,,0,0,,0.022222222222222223,QID117
2026-06-22 18:09:18,2026-06-22 18:50:12,IP Address,104.180.206.52,100,2453,True,2026-06-22 18:50:12,R_3JyjQ7aD4IWq1Ez,,,,,38.061,-87.5501,anonymous,EN,Native/Bilingual,40,Female,Neither,8803,,,,,,,,,,,,,,,,,,,,,,,,,,,,,,,,,,,,,,,,,,,,,,,,,,,,,,,,,,,,,,,,,,,,,,,,,,,,,,,,,,,,,,,,,,,,,,,,,,,,,,,,,,,,,,,,,,,,,,,,,,,,,,,,,,,,,,,,,,,,,,,,,,,,,,,,,,Neither agree nor disagree,Neither agree nor disagree,Somewhat Disagree,Somewhat agree,Somewhat agree,Somewhat agree,Somewhat agree,Neither agree nor disagree,Somewhat agree,Somewhat agree,Neither agree nor disagree,Somewhat agree,Somewhat agree,The robot dog guided me around obstacles on a sidewalk,Somewhat agree,Somewhat agree,Somewhat Disagree,Neither agree nor disagree,Somewhat agree,Somewhat Disagree,Somewhat Disagree,Neither agree nor disagree,Somewhat agree,Neither agree nor disagree,Strongly agree,Somewhat agree,Somewhat agree,The robot assertively guided me through obstacles on a sidewalk.,Neither agree nor disagree,Somewhat agree,Strongly Disagree,Somewhat Disagree,Neither agree nor disagree,Somewhat Disagree,Neither agree nor disagree,Somewhat Disagree,Neither agree nor disagree,Somewhat Disagree,Somewhat agree,Strongly agree,Somewhat Disagree,The robot dog directed me through obstacles on the path. I found the robot very robotic in this clip.,2,1,3,D-Low,"This style feels less abrasive. The voice does not speak too fast nor does it talk in a harsh tone. ",D-High,"This voice is abrasive and too direct. It is also monotone. ","For voice one the voice is monotone and speaks fast. 
For voice two it is respectful and direct. It is also less harsh.
For voice three it comes off very artificial and robotic.",Yellow,Somewhat Disagree,Strongly agree,Somewhat agree,Somewhat agree,Somewhat agree,Strongly agree,Strongly agree,Strongly agree,Somewhat agree,Strongly agree,Somewhat Disagree,Somewhat agree,Somewhat agree,"The robot helped guide me to the grocery store. It was easy to understand. ",Somewhat Disagree,Somewhat agree,Strongly agree,Strongly agree,Strongly agree,Strongly agree,Somewhat agree,Strongly agree,Strongly agree,Strongly agree,Somewhat Disagree,Somewhat agree,Somewhat agree,"This robot sounded well aware of it's surroundings and acknowledged them as a team by using ""together"" ",Somewhat agree,Strongly agree,Neither agree nor disagree,Somewhat agree,Somewhat agree,Somewhat agree,Neither agree nor disagree,Somewhat agree,Somewhat agree,Neither agree nor disagree,Somewhat agree,Neither agree nor disagree,Somewhat agree,"The robot guided me through the crowd and to the grocery store with no issues. It talked like it was on a job. ",1,2,3,E-Low,"Although it does not seem as polite as the last voice, this voice acknowledges that they are a team. It also maintains a polite and professional voice while doing so. ",E-High,"This voice seems dominating and pushy. ","One is assertive and a bit aggressive in tone.
Two is polite. It presents as a friendly. 
Three is polite and helpful. ",Flower,,,,,,,,,,,,,,,,,,,,,,,,,,,,,,,,,,,,,,,,,,,,,,,,,,,,Somewhat agree,Strongly agree,Somewhat agree,Neither agree nor disagree,Somewhat agree,Somewhat agree,Neither agree nor disagree,Somewhat agree,Somewhat agree,Somewhat agree,Somewhat Disagree,Strongly agree,Somewhat agree,"The robot dog guided me through a park with verbal instructions. The first set of instructions I did not wish to follow. The last two, which included going around a bench and following a sidewalk path, I agreed to.",Neither agree nor disagree,Somewhat agree,Somewhat agree,Strongly agree,Somewhat agree,Somewhat agree,Somewhat agree,Strongly agree,Somewhat agree,Somewhat agree,Somewhat Disagree,Strongly agree,Somewhat agree,"I heard instructions from a robot dog. I did not want to sit at a bench, I wanted to take a shortcut, and I wanted to stay on the right side. ",Somewhat agree,Somewhat agree,Somewhat Disagree,Somewhat agree,Somewhat agree,Somewhat Disagree,Neither agree nor disagree,Neither agree nor disagree,Somewhat agree,Neither agree nor disagree,Somewhat agree,Strongly agree,Neither agree nor disagree,"The robot dog wanted me to confirm it's request to sit at a bench, take a shortcut, and stay at the right side. ",3,1,2,G-Mid,"This version is both straightforward and polite. ",G-High,"This version sounds hostile and not fitting for a ""tool"" that is replacing something that is often seen as a companion. ","The first tone sounds robotic and hostile. It sounds pushy. 
The second tone is polite but a bit too wordy. 
The third tone sounds professional, polite, and gives clear instructions.",4,Everything was great!,,0,0,,0,
